Workbook

Sheet Raw_Data
A1: A/C | B1: Ward | C1: Facility | D1: % of planned fixed sessions held June 2025 | E1: % of planned fixed sessions held July 2025 | F1: % of planned fixed sessions held August 2025 | G1: % of planned fixed sessions held September 2025 | H1: % of planned fixed sessions held October 2025 | I1: % of planned fixed sessions held November 2025 | J1: % of planned fixed sessions held December 2025 | K1: % of planned fixed sessions held January 2026 | L1: % of planned fixed sessions held February 2026 | M1: % of planned fixed sessions held March 2026 | N1: % of planned fixed sessions held April 2026 | O1: % of planned fixed sessions held May 2026 | P1: % of Planned outreach sessions held June 2025 | Q1: % of Planned outreach sessions held July 2025 | R1: % of Planned outreach sessions held August 2025 | S1: % of Planned outreach sessions held September 2025 | T1: % of Planned outreach sessions held October 2025 | U1: % of Planned outreach sessions held November 2025 | V1: % of Planned outreach sessions held December 2025 | W1: % of Planned outreach sessions held January 2026 | X1: % of Planned outreach sessions held February 2026 | Y1: % of Planned outreach sessions held March 2026 | Z1: % of Planned outreach sessions held April 2026 | AA1: % of Planned outreach sessions held May 2026 | AB1: Penta. 1 given June 2025 | AC1: Penta. 1 given July 2025 | AD1: Penta. 1 given August 2025 | AE1: Penta. 1 given September 2025 | AF1: Penta. 1 given October 2025 | AG1: Penta. 1 given November 2025 | AH1: Penta. 1 given December 2025 | AI1: Penta. 1 given January 2026 | AJ1: Penta. 1 given February 2026 | AK1: Penta. 1 given March 2026 | AL1: Penta. 1 given April 2026 | AM1: Penta. 1 given May 2026 | AN1: Penta 3 given June 2025 | AO1: Penta 3 given July 2025 | AP1: Penta 3 given August 2025 | AQ1: Penta 3 given September 2025 | AR1: Penta 3 given October 2025 | AS1: Penta 3 given November 2025 | AT1: Penta 3 given December 2025 | AU1: Penta 3 given January 2026 | AV1: Penta 3 given February 2026 | AW1: Penta 3 given March 2026 | AX1: Penta 3 given April 2026 | AY1: Penta 3 given May 2026 | AZ1: ANC 1st Visit June 2025 | BA1: ANC 1st Visit July 2025 | BB1: ANC 1st Visit August 2025 | BC1: ANC 1st Visit September 2025 | BD1: ANC 1st Visit October 2025 | BE1: ANC 1st Visit November 2025 | BF1: ANC 1st Visit December 2025 | BG1: ANC 1st Visit January 2026 | BH1: ANC 1st Visit February 2026 | BI1: ANC 1st Visit March 2026 | BJ1: ANC 1st Visit April 2026 | BK1: ANC 1st Visit May 2026 | BL1: ANC 4th visit June 2025 | BM1: ANC 4th visit July 2025 | BN1: ANC 4th visit August 2025 | BO1: ANC 4th visit September 2025 | BP1: ANC 4th visit October 2025 | BQ1: ANC 4th visit November 2025 | BR1: ANC 4th visit December 2025 | BS1: ANC 4th visit January 2026 | BT1: ANC 4th visit February 2026 | BU1: ANC 4th visit March 2026 | BV1: ANC 4th visit April 2026 | BW1: ANC 4th visit May 2026 | BX1: ANC 8th Visit June 2025 | BY1: ANC 8th Visit July 2025 | BZ1: ANC 8th Visit August 2025 | CA1: ANC 8th Visit September 2025 | CB1: ANC 8th Visit October 2025 | CC1: ANC 8th Visit November 2025 | CD1: ANC 8th Visit December 2025 | CE1: ANC 8th Visit January 2026 | CF1: ANC 8th Visit February 2026 | CG1: ANC 8th Visit March 2026 | CH1: ANC 8th Visit April 2026 | CI1: ANC 8th Visit May 2026
A2: Abuja Municipal Area Council | B2: Gui Ward | C2: 063 Nigeria Air Force Base Hospital | D2: 100 | E2: 100 | I2: 100 | J2: 100 | U2: 100 | V2: 87.5 | AB2: 68 | AC2: 58 | AD2: 42 | AE2: 43 | AG2: 61 | AH2: 47 | AI2: 73 | AK2: 42 | AN2: 46 | AO2: 55 | AP2: 27 | AQ2: 54 | AS2: 46 | AT2: 49 | AU2: 62 | AW2: 61 | AZ2: 69 | BA2: 75 | BB2: 112 | BC2: 167 | BE2: 206 | BF2: 219 | BG2: 89 | BI2: 179 | BL2: 42 | BM2: 30 | BN2: 36 | BO2: 92 | BS2: 62 | BU2: 86 | BX2: 19 | CE2: 57 | CG2: 73 | CK2: =ISNUMBER(D2) -> TRUE
A3: Abuja Municipal Area Council | B3: City Centre Ward | C3: 7 Guards Battalion Medical Reception Station Abuja | F3: 100 | G3: 100 | H3: 100 | I3: 100 | J3: 100 | K3: 100 | L3: 100 | M3: 100 | N3: 100 | O3: 75 | U3: 100 | V3: 100 | Z3: 100 | AD3: 6 | AE3: 10 | AF3: 11 | AG3: 12 | AH3: 8 | AI3: 8 | AJ3: 13 | AK3: 15 | AL3: 16 | AM3: 6 | AP3: 27 | AQ3: 14 | AR3: 8 | AS3: 13 | AT3: 10 | AU3: 9 | AV3: 16 | AW3: 13 | AX3: 8 | AY3: 5 | BB3: 38 | BC3: 16 | BD3: 1 | BF3: 6 | BG3: 9 | BH3: 14 | BI3: 9 | BJ3: 10 | BK3: 9 | BN3: 11 | BO3: 4 | BQ3: 2 | BU3: 8 | BV3: 8 | BW3: 12 | BZ3: 3 | CA3: 4 | CK3: =ISNUMBER(D3) -> FALSE
A4: Abaji Local Government Area | B4: Central (Abaji) Ward | C4: Abaji New Township Primary Health Center | E4: 100 | F4: 100 | G4: 100 | H4: 100 | I4: 200 | J4: 200 | K4: 150 | L4: 100 | M4: 100 | N4: 100 | O4: 100 | R4: 100 | S4: 100 | T4: 150 | U4: 200 | V4: 200 | X4: 50 | Z4: 100 | AA4: 100 | AC4: 28 | AD4: 15 | AE4: 15 | AF4: 20 | AG4: 16 | AH4: 11 | AI4: 17 | AJ4: 17 | AK4: 16 | AL4: 23 | AM4: 11 | AO4: 20 | AP4: 11 | AQ4: 21 | AR4: 18 | AS4: 16 | AT4: 24 | AU4: 16 | AV4: 16 | AW4: 11 | AX4: 17 | AY4: 12 | BA4: 12 | BB4: 30 | BC4: 30 | BD4: 19 | BE4: 37 | BF4: 53 | BG4: 46 | BH4: 33 | BI4: 21 | BJ4: 36 | BK4: 21 | BM4: 2 | BN4: 8 | BO4: 12 | BP4: 71 | BQ4: 7 | BR4: 6 | BS4: 11 | BT4: 18 | BU4: 22 | BV4: 22 | BW4: 11 | CB4: 1 | CE4: 1 | CK4: =ISNUMBER(D4) -> FALSE
A5: Abaji Local Government Area | B5: Central (Abaji) Ward | C5: Abaji Central Primary Health Clinic | E5: 40 | F5: 100 | G5: 100 | H5: 100 | I5: 100 | J5: 100 | K5: 100 | L5: 100 | M5: 100 | N5: 100 | O5: 100 | AC5: 8 | AD5: 4 | AE5: 9 | AF5: 8 | AG5: 6 | AH5: 8 | AI5: 6 | AJ5: 6 | AK5: 8 | AL5: 6 | AM5: 6 | AO5: 4 | AP5: 12 | AQ5: 12 | AR5: 5 | AS5: 8 | AT5: 11 | AU5: 6 | AV5: 5 | AW5: 6 | AX5: 6 | AY5: 8 | BB5: 7 | BD5: 12 | BE5: 6 | BF5: 5 | BG5: 2 | BH5: 7 | BI5: 6 | BJ5: 7 | BK5: 5 | BW5: 2 | CK5: =ISNUMBER(D5) -> FALSE
A6: Abaji Local Government Area | B6: North East Ward | C6: Abaji General Hospital | D6: 100 | E6: 100 | H6: 100 | M6: 100 | O6: 86.67 | P6: 33.33 | AB6: 51 | AC6: 117 | AD6: 117 | AE6: 87 | AF6: 101 | AJ6: 69 | AK6: 87 | AL6: 116 | AM6: 73 | AN6: 41 | AO6: 122 | AP6: 112 | AQ6: 94 | AR6: 94 | AV6: 67 | AW6: 82 | AX6: 59 | AY6: 69 | AZ6: 88 | BA6: 60 | BB6: 70 | BC6: 66 | BD6: 58 | BE6: 58 | BG6: 58 | BH6: 82 | BI6: 100 | BJ6: 62 | BK6: 73 | BL6: 48 | BM6: 64 | BN6: 52 | BO6: 46 | BP6: 46 | BQ6: 32 | BS6: 32 | BT6: 16 | BU6: 32 | BV6: 49 | BW6: 36 | BX6: 24 | BY6: 3 | BZ6: 28 | CA6: 20 | CB6: 20 | CC6: 10 | CE6: 10 | CF6: 2 | CG6: 2 | CH6: 9 | CI6: 4 | CK6: =ISNUMBER(D6) -> TRUE
A7: Abaji Local Government Area | B7: North East Ward | C7: Abaji Maternal And Child Health Clinic | E7: 60 | F7: 100 | G7: 100 | H7: 100 | I7: 100 | J7: 100 | K7: 80 | L7: 100 | M7: 100 | N7: 100 | O7: 75 | AC7: 7 | AD7: 14 | AE7: 19 | AF7: 28 | AG7: 18 | AH7: 19 | AI7: 17 | AJ7: 5 | AK7: 3 | AL7: 12 | AM7: 19 | AO7: 15 | AP7: 22 | AQ7: 12 | AR7: 16 | AS7: 13 | AT7: 22 | AU7: 10 | AV7: 15 | AW7: 34 | AX7: 6 | AY7: 6 | BA7: 3 | BB7: 3 | BE7: 3 | BF7: 1 | BG7: 3 | BH7: 4 | BK7: 11 | BR7: 1 | BS7: 1 | BT7: 2 | CE7: 1 | CF7: 1 | CG7: 7 | CK7: =ISNUMBER(D7) -> FALSE
A8: Abaji Local Government Area | B8: Nuku Sabon Gari Ward | C8: Abattior Primary Health Clinic | E8: 75 | F8: 100 | G8: 100 | H8: 100 | I8: 100 | J8: 100 | K8: 100 | L8: 100 | M8: 100 | N8: 100 | O8: 100 | S8: 50 | T8: 50 | U8: 100 | V8: 100 | W8: 100 | X8: 50 | Y8: 100 | Z8: 100 | AA8: 100 | AC8: 13 | AD8: 11 | AE8: 15 | AF8: 17 | AG8: 18 | AH8: 18 | AI8: 12 | AJ8: 16 | AK8: 28 | AL8: 37 | AM8: 22 | AO8: 5 | AP8: 5 | AQ8: 9 | AR8: 17 | AS8: 10 | AT8: 15 | AU8: 10 | AV8: 15 | AW8: 29 | AX8: 33 | AY8: 25 | BA8: 32 | BB8: 10 | BC8: 6 | BD8: 6 | BE8: 8 | BF8: 4 | BG8: 4 | BH8: 15 | BI8: 9 | BJ8: 7 | BK8: 20 | BN8: 1 | BP8: 3 | BQ8: 2 | BR8: 2 | BS8: 4 | BT8: 2 | BU8: 3 | BV8: 2 | BW8: 5 | CD8: 1 | CF8: 1 | CG8: 1 | CK8: =ISNUMBER(D8) -> FALSE
A9: Kwali Local Government Area | B9: Kwali Ward | C9: Abu Fatima Maternity Clinic | BA9: 7 | BC9: 30 | BD9: 6 | BF9: 3 | BG9: 1 | BH9: 2 | BL9: 11 | BM9: 5 | BO9: 15 | BP9: 5 | BR9: 2 | BU9: 9 | BV9: 6 | BX9: 11 | BY9: 5 | CA9: 15 | CB9: 5 | CE9: 7 | CG9: 9 | CK9: =ISNUMBER(D9) -> FALSE
A10: Abuja Municipal Area Council | B10: Garki Ward | C10: Abuja Clinic | AE10: 48 | AQ10: 24 | BC10: 10 | BO10: 2 | CA10: 6 | CK10: =ISNUMBER(D10) -> FALSE
A11: Abuja Municipal Area Council | B11: Wuse Ward | C11: Abuja Clinics, Maitama | O11: 100 | AF11: 10 | AI11: 30 | AK11: 8 | AM11: 27 | AR11: 25 | AU11: 20 | AW11: 5 | AY11: 32 | BG11: 30 | BI11: 25 | BS11: 6 | BU11: 24 | BW11: 46 | CE11: 8 | CI11: 14 | CK11: =ISNUMBER(D11) -> FALSE
A12: Abuja Municipal Area Council | B12: City Centre Ward | C12: Abuja Police Hospital | K12: 50 | L12: 50 | AI12: 34 | AJ12: 11 | AL12: 11 | AU12: 24 | AV12: 10 | AX12: 12 | BJ12: 10 | BS12: 11 | BT12: 8 | CE12: 36 | CF12: 40 | CK12: =ISNUMBER(D12) -> FALSE
A13: Kuje Local Government Area | B13: Kabi Ward | C13: Achimbi Primary Health Centre | E13: 100 | F13: 100 | G13: 100 | H13: 100 | I13: 100 | J13: 100 | K13: 100 | L13: 100 | M13: 100 | N13: 100 | O13: 100 | Q13: 100 | R13: 100 | S13: 100 | T13: 100 | U13: 100 | V13: 100 | W13: 100 | X13: 100 | Y13: 100 | Z13: 100 | AA13: 100 | AC13: 82 | AD13: 12 | AE13: 12 | AF13: 5 | AG13: 12 | AH13: 10 | AI13: 10 | AJ13: 24 | AK13: 6 | AL13: 26 | AM13: 19 | AO13: 91 | AP13: 11 | AQ13: 13 | AR13: 8 | AS13: 15 | AT13: 11 | AU13: 12 | AV13: 38 | AW13: 17 | AX13: 32 | AY13: 26 | BA13: 15 | BB13: 3 | BC13: 34 | BD13: 13 | BE13: 5 | BF13: 3 | BG13: 5 | BH13: 2 | BI13: 3 | BJ13: 7 | BK13: 7 | BN13: 1 | BO13: 3 | BP13: 2 | BQ13: 2 | BR13: 1 | BS13: 1 | BV13: 1 | BW13: 3 | CC13: 1 | CK13: =ISNUMBER(D13) -> FALSE
A14: Abaji Local Government Area | B14: Yaba Ward | C14: Adagba Primary Health Clinic | E14: 100 | F14: 100 | G14: 100 | H14: 100 | I14: 100 | J14: 50 | K14: 75 | M14: 100 | N14: 100 | O14: 100 | Q14: 83.33 | R14: 83.33 | S14: 100 | T14: 100 | U14: 100 | V14: 100 | W14: 100 | X14: 100 | Y14: 100 | Z14: 100 | AA14: 100 | AC14: 32 | AD14: 30 | AE14: 44 | AF14: 62 | AG14: 33 | AH14: 46 | AI14: 30 | AJ14: 52 | AK14: 44 | AL14: 45 | AM14: 43 | AO14: 36 | AP14: 43 | AQ14: 35 | AR14: 35 | AS14: 35 | AT14: 34 | AU14: 34 | AV14: 45 | AW14: 42 | AX14: 43 | AY14: 35 | BA14: 14 | BB14: 11 | BC14: 7 | BD14: 11 | BE14: 12 | BF14: 6 | BG14: 9 | BI14: 11 | BJ14: 14 | BK14: 20 | BV14: 3 | BW14: 2 | CK14: =ISNUMBER(D14) -> FALSE
A15: Kuje Local Government Area | B15: Kuje Central Ward | C15: Agape Biomedical Hospital | BC15: 1 | BF15: 1 | BG15: 1 | BI15: 1 | BR15: 1 | BS15: 1 | BT15: 1 | BU15: 4 | CE15: 1 | CK15: =ISNUMBER(D15) -> FALSE
A16: Kuje Local Government Area | B16: Kabi Ward | C16: Agwai Primary Health Centre | E16: 100 | F16: 100 | G16: 100 | H16: 100 | I16: 100 | J16: 100 | K16: 100 | L16: 100 | M16: 100 | N16: 100 | Q16: 100 | R16: 100 | S16: 100 | T16: 100 | V16: 100 | W16: 100 | X16: 100 | Y16: 80 | Z16: 100 | AC16: 93 | AD16: 32 | AE16: 14 | AF16: 6 | AG16: 7 | AH16: 9 | AI16: 10 | AJ16: 12 | AK16: 10 | AL16: 18 | AM16: 15 | AO16: 36 | AP16: 40 | AQ16: 28 | AR16: 9 | AS16: 16 | AT16: 24 | AU16: 10 | AV16: 16 | AW16: 21 | AX16: 26 | BB16: 2 | BC16: 1 | BD16: 8 | BE16: 1 | BF16: 1 | BG16: 3 | BH16: 4 | BK16: 14 | BR16: 1 | BW16: 3 | CK16: =ISNUMBER(D16) -> FALSE
A17: Abaji Local Government Area | B17: Pandagi Agyana Ward | C17: Agyana Primary Health Clinic | E17: 100 | F17: 100 | G17: 100 | H17: 100 | I17: 100 | J17: 100 | K17: 100 | L17: 100 | M17: 100 | N17: 100 | O17: 100 | Q17: 100 | R17: 100 | S17: 100 | T17: 100 | U17: 100 | V17: 100 | W17: 100 | X17: 100 | Y17: 100 | Z17: 100 | AA17: 100 | AC17: 31 | AD17: 36 | AE17: 16 | AF17: 46 | AG17: 24 | AH17: 45 | AI17: 31 | AJ17: 26 | AK17: 44 | AL17: 18 | AM17: 30 | AO17: 15 | AP17: 23 | AQ17: 52 | AR17: 55 | AS17: 17 | AT17: 51 | AU17: 32 | AV17: 30 | AW17: 37 | AX17: 31 | AY17: 49 | BA17: 2 | BB17: 14 | BC17: 5 | BD17: 10 | BE17: 7 | BF17: 13 | BG17: 12 | BH17: 12 | BI17: 4 | BJ17: 16 | BK17: 7 | BN17: 1 | BO17: 1 | BP17: 1 | BQ17: 5 | BS17: 4 | BU17: 5 | BW17: 2 | BY17: 15 | CC17: 30 | CD17: 13 | CK17: =ISNUMBER(D17) -> FALSE
A18: Abuja Municipal Area Council | B18: Gui Ward | C18: Al-Nur Maternity Home (Iddo-Pada) | AZ18: 10 | BA18: 12 | BB18: 3 | BC18: 2 | BD18: 1 | BE18: 5 | BF18: 5 | BG18: 5 | BH18: 4 | BI18: 2 | BJ18: 6 | BL18: 11 | BM18: 12 | BN18: 9 | BO18: 5 | BP18: 1 | BR18: 2 | BS18: 7 | BT18: 3 | BU18: 5 | BX18: 6 | BY18: 8 | BZ18: 3 | CB18: 5 | CC18: 1 | CD18: 1 | CF18: 2 | CG18: 1 | CH18: 4 | CK18: =ISNUMBER(D18) -> FALSE
A19: Abuja Municipal Area Council | B19: Kabusa Ward | C19: Aleiyita Primary Health Care Centre | E19: 100 | F19: 100 | H19: 100 | I19: 100 | J19: 100 | L19: 100 | M19: 100 | N19: 100 | O19: 100 | X19: 75 | AB19: 2 | AC19: 28 | AD19: 13 | AE19: 23 | AF19: 20 | AG19: 23 | AH19: 35 | AI19: 18 | AJ19: 17 | AK19: 22 | AL19: 21 | AM19: 22 | AN19: 3 | AO19: 42 | AP19: 22 | AQ19: 24 | AR19: 25 | AS19: 27 | AT19: 33 | AU19: 28 | AV19: 28 | AW19: 32 | AX19: 29 | AY19: 23 | BA19: 20 | BB19: 39 | BC19: 20 | BD19: 31 | BE19: 22 | BF19: 33 | BG19: 31 | BH19: 20 | BI19: 11 | BJ19: 15 | BK19: 22 | BN19: 2 | BO19: 12 | BP19: 6 | BQ19: 12 | BR19: 14 | BS19: 9 | BT19: 9 | BU19: 9 | BV19: 12 | BW19: 5 | CB19: 1 | CC19: 1 | CD19: 1 | CG19: 1 | CK19: =ISNUMBER(D19) -> FALSE
A20: Kuje Local Government Area | B20: Kuje Central Ward | C20: Alfad Specialist Clinic | BB20: 2 | BD20: 1 | BI20: 1 | BU20: 2 | CG20: 3 | CK20: =ISNUMBER(D20) -> FALSE
A21: Abuja Municipal Area Council | B21: City Centre Ward | C21: Alliance Clinic | D21: 100 | F21: 100 | G21: 100 | H21: 100 | I21: 100 | J21: 100 | K21: 100 | L21: 100 | M21: 100 | N21: 100 | AB21: 9 | AD21: 25 | AE21: 38 | AF21: 17 | AG21: 16 | AH21: 17 | AI21: 9 | AJ21: 20 | AK21: 21 | AL21: 11 | AM21: 9 | AN21: 8 | AP21: 21 | AQ21: 35 | AR21: 19 | AS21: 14 | AT21: 6 | AU21: 8 | AV21: 10 | AW21: 19 | AX21: 14 | AY21: 18 | AZ21: 11 | BB21: 12 | BC21: 10 | BD21: 18 | BE21: 14 | BF21: 10 | BG21: 3 | BH21: 25 | BI21: 25 | BJ21: 21 | BK21: 9 | BL21: 9 | BN21: 15 | BO21: 20 | BP21: 5 | BQ21: 8 | BR21: 14 | BS21: 7 | BT21: 20 | BV21: 6 | BW21: 8 | BX21: 10 | BZ21: 7 | CA21: 10 | CB21: 7 | CC21: 4 | CD21: 4 | CE21: 4 | CF21: 10 | CH21: 7 | CI21: 14 | CK21: =ISNUMBER(D21) -> TRUE
A22: Gwagwalada Local Government Area | B22: Quarters Ward | C22: Allied Specialist Hospital and Diagnostic Center Ltd Gwagwalada | AJ22: 2 | AL22: 2 | AV22: 2 | AX22: 2 | BG22: 15 | BH22: 12 | BJ22: 12 | BS22: 5 | BT22: 2 | BV22: 2 | CE22: 7 | CF22: 10 | CH22: 10 | CK22: =ISNUMBER(D22) -> FALSE
A23: Kuje Local Government Area | B23: Chibiri Ward | C23: Allison Clinic and Maternity | BA23: 6 | BB23: 10 | BC23: 6 | BD23: 4 | BG23: 12 | BH23: 4 | BI23: 6 | BJ23: 5 | BM23: 1 | BN23: 2 | BO23: 6 | BP23: 2 | BS23: 4 | BT23: 6 | BU23: 2 | BY23: 6 | CA23: 2 | CB23: 2 | CE23: 5 | CF23: 4 | CK23: =ISNUMBER(D23) -> FALSE
A24: Abaji Local Government Area | B24: Gawu Ward | C24: Almadinatu-Nibrass Primary Health Clinic | E24: 100 | G24: 100 | H24: 100 | I24: 100 | J24: 100 | K24: 100 | L24: 100 | M24: 100 | N24: 100 | O24: 100 | AC24: 8 | AE24: 11 | AF24: 11 | AG24: 10 | AH24: 11 | AI24: 9 | AJ24: 12 | AK24: 20 | AL24: 14 | AM24: 14 | AO24: 12 | AQ24: 9 | AR24: 12 | AS24: 11 | AT24: 13 | AU24: 9 | AV24: 11 | AW24: 17 | AX24: 11 | AY24: 11 | BA24: 3 | BC24: 5 | BD24: 9 | BF24: 11 | BG24: 14 | BH24: 10 | BI24: 9 | BJ24: 10 | BM24: 2 | BO24: 2 | BQ24: 3 | BR24: 2 | BS24: 2 | BT24: 3 | BU24: 1 | BV24: 3 | BW24: 4 | CK24: =ISNUMBER(D24) -> FALSE
A25: Abuja Municipal Area Council | B25: Karu Ward | C25: Alpha Clinic | BE25: 4 | BG25: 3 | BI25: 1 | BN25: 3 | BS25: 1 | BU25: 3 | CG25: 1 | CK25: =ISNUMBER(D25) -> FALSE
A26: Gwagwalada Local Government Area | B26: Tungan Maje Ward | C26: Anagada Health Clinic | E26: 50 | G26: 100 | H26: 100 | I26: 100 | J26: 100 | K26: 100 | L26: 62.5 | N26: 100 | O26: 100 | AA26: 100 | AC26: 97 | AE26: 46 | AF26: 45 | AG26: 55 | AH26: 43 | AI26: 34 | AJ26: 23 | AL26: 35 | AM26: 68 | AO26: 560 | AQ26: 59 | AR26: 48 | AS26: 34 | AT26: 41 | AU26: 33 | AV26: 36 | AX26: 30 | AY26: 61 | BC26: 10 | BD26: 24 | BE26: 9 | BF26: 25 | BG26: 18 | BH26: 15 | BJ26: 15 | BK26: 19 | BQ26: 7 | BS26: 11 | BT26: 8 | BV26: 14 | BW26: 4 | CD26: 2 | CK26: =ISNUMBER(D26) -> FALSE
A27: Gwagwalada Local Government Area | B27: Central Ward | C27: Anguwa Dodo Primary Health Centre | E27: 37.5 | F27: 100 | G27: 100 | H27: 100 | I27: 100 | J27: 100 | K27: 100 | L27: 100 | M27: 100 | N27: 100 | O27: 100 | W27: 100 | AA27: 100 | AC27: 33 | AD27: 29 | AE27: 46 | AF27: 43 | AG27: 45 | AH27: 52 | AI27: 25 | AJ27: 30 | AK27: 26 | AL27: 34 | AM27: 94 | AO27: 1107 | AP27: 17 | AQ27: 30 | AR27: 43 | AS27: 41 | AT27: 25 | AU27: 34 | AV27: 35 | AW27: 36 | AX27: 23 | AY27: 72 | BA27: 9 | BB27: 10 | BC27: 18 | BD27: 16 | BE27: 11 | BF27: 13 | BG27: 10 | BH27: 11 | BI27: 11 | BJ27: 20 | BK27: 10 | BO27: 2 | BP27: 2 | BQ27: 1 | BR27: 5 | BS27: 2 | BT27: 3 | BU27: 8 | BV27: 2 | BW27: 9 | CC27: 1 | CF27: 3 | CH27: 2 | CI27: 1 | CK27: =ISNUMBER(D27) -> FALSE
A28: Abuja Municipal Area Council | B28: Garki Ward | C28: Apo Primary Health Centre | E28: 50 | F28: 112.5 | G28: 100 | H28: 100 | I28: 100 | J28: 100 | K28: 87.5 | L28: 62.5 | M28: 225 | N28: 112.5 | O28: 100 | Q28: 116.67 | R28: 100 | S28: 75 | T28: 100 | U28: 75 | V28: 100 | W28: 125 | X28: 225 | Y28: 225 | Z28: 300 | AA28: 300 | AC28: 100 | AD28: 78 | AE28: 74 | AF28: 91 | AG28: 106 | AH28: 95 | AI28: 72 | AJ28: 75 | AK28: 118 | AL28: 155 | AM28: 92 | AO28: 74 | AP28: 78 | AQ28: 90 | AR28: 99 | AS28: 94 | AT28: 102 | AU28: 108 | AV28: 90 | AW28: 147 | AX28: 122 | AY28: 94 | BA28: 19 | BB28: 19 | BC28: 26 | BD28: 27 | BE28: 27 | BF28: 20 | BG28: 12 | BH28: 11 | BI28: 9 | BJ28: 20 | BK28: 17 | BO28: 3 | BP28: 3 | BQ28: 6 | BR28: 5 | BS28: 8 | BT28: 5 | BU28: 6 | BV28: 3 | BW28: 8 | CD28: 1 | CH28: 1 | CI28: 3 | CK28: =ISNUMBER(D28) -> FALSE
A29: Abuja Municipal Area Council | B29: Karu Ward | C29: Arewa Clinic and Maternity | AE29: 14 | AQ29: 13 | BC29: 75 | BO29: 20 | CA29: 15 | CK29: =ISNUMBER(D29) -> FALSE
A30: Gwagwalada Local Government Area | B30: Ibwa Ward | C30: Army Barrack Health Centre | D30: 100 | E30: 100 | F30: 100 | G30: 100 | H30: 100 | I30: 100 | J30: 100 | S30: 100 | T30: 100 | U30: 100 | V30: 100 | Z30: 100 | AB30: 18 | AC30: 56 | AD30: 8 | AE30: 15 | AF30: 10 | AG30: 16 | AH30: 12 | AN30: 12 | AO30: 384 | AQ30: 15 | AR30: 8 | AS30: 13 | AT30: 13 | AX30: 11 | AZ30: 7 | BA30: 5 | BB30: 5 | BC30: 8 | BD30: 12 | BE30: 6 | BF30: 8 | BJ30: 12 | BL30: 6 | BM30: 7 | BN30: 7 | BO30: 4 | BP30: 4 | BQ30: 6 | BR30: 11 | BV30: 5 | BY30: 2 | BZ30: 1 | CB30: 8 | CC30: 1 | CH30: 1 | CK30: =ISNUMBER(D30) -> TRUE
A31: Kwali Local Government Area | B31: Ashara Ward | C31: Ashara Basic Health Clinic | E31: 50 | F31: 100 | G31: 100 | H31: 100 | I31: 100 | J31: 100 | K31: 100 | L31: 75 | M31: 100 | N31: 100 | O31: 100 | R31: 100 | S31: 100 | T31: 100 | U31: 100 | V31: 100 | W31: 100 | X31: 75 | Y31: 75 | Z31: 100 | AA31: 100 | AC31: 35 | AD31: 38 | AE31: 9 | AF31: 36 | AG31: 38 | AH31: 40 | AI31: 29 | AJ31: 30 | AK31: 44 | AL31: 136 | AM31: 16 | AO31: 75 | AP31: 35 | AQ31: 5 | AR31: 31 | AS31: 36 | AT31: 38 | AU31: 28 | AV31: 22 | AW31: 32 | AX31: 105 | AY31: 28 | BA31: 4 | BB31: 8 | BC31: 7 | BD31: 19 | BE31: 21 | BF31: 15 | BG31: 10 | BH31: 20 | BI31: 21 | BJ31: 21 | BK31: 23 | BO31: 4 | BR31: 1 | CK31: =ISNUMBER(D31) -> FALSE
A32: Abuja Municipal Area Council | B32: City Centre Ward | C32: Asokoro General Hospital | E32: 100 | F32: 95.24 | G32: 95.24 | J32: 85.71 | K32: 95.24 | L32: 100 | M32: 95.24 | N32: 85.71 | O32: 100 | AB32: 185 | AC32: 143 | AD32: 122 | AE32: 112 | AH32: 95 | AI32: 62 | AJ32: 63 | AK32: 74 | AL32: 97 | AM32: 82 | AN32: 157 | AO32: 160 | AP32: 138 | AQ32: 115 | AT32: 75 | AU32: 96 | AV32: 96 | AW32: 70 | AX32: 92 | AY32: 73 | BB32: 144 | BC32: 75 | BF32: 65 | BG32: 84 | BH32: 96 | BI32: 116 | BJ32: 145 | BN32: 64 | BO32: 26 | BT32: 29 | BU32: 80 | BZ32: 16 | CA32: 11 | CF32: 25 | CG32: 42 | CK32: =ISNUMBER(D32) -> FALSE
A33: Bwari Local Government Area | B33: Dutse Ward | C33: Aujo Clinic and Maternity | BC33: 3 | BD33: 3 | BE33: 3 | BF33: 5 | BJ33: 5 | BK33: 3 | BO33: 1 | BP33: 4 | BQ33: 2 | BV33: 2 | BW33: 4 | CC33: 1 | CK33: =ISNUMBER(D33) -> FALSE
A34: Abaji Local Government Area | B34: North East Ward | C34: Ayaura Primary Health Centre | E34: 100 | F34: 100 | G34: 100 | H34: 100 | I34: 100 | J34: 100 | K34: 100 | L34: 100 | M34: 100 | N34: 100 | O34: 100 | Q34: 25 | R34: 100 | S34: 100 | T34: 100 | U34: 100 | V34: 100 | W34: 80 | X34: 100 | Y34: 100 | Z34: 100 | AA34: 100 | AC34: 34 | AD34: 31 | AE34: 34 | AF34: 38 | AG34: 40 | AH34: 48 | AI34: 40 | AJ34: 37 | AK34: 30 | AL34: 29 | AM34: 32 | AO34: 30 | AP34: 33 | AQ34: 36 | AR34: 34 | AS34: 31 | AT34: 45 | AU34: 41 | AV34: 47 | AW34: 43 | AX34: 39 | AY34: 32 | BA34: 54 | BB34: 24 | BC34: 24 | BD34: 57 | BE34: 28 | BF34: 36 | BG34: 52 | BH34: 34 | BI34: 31 | BJ34: 40 | BK34: 22 | BM34: 24 | BN34: 24 | BO34: 26 | BP34: 17 | BQ34: 10 | BR34: 16 | BS34: 14 | BT34: 26 | BU34: 26 | BV34: 18 | BW34: 11 | CA34: 2 | CC34: 2 | CD34: 2 | CE34: 2 | CG34: 1 | CH34: 5 | CI34: 2 | CK34: =ISNUMBER(D34) -> FALSE
A35: Kwali Local Government Area | B35: Pai Ward | C35: Bako Health Clinic | E35: 60 | F35: 100 | G35: 100 | H35: 100 | I35: 100 | J35: 100 | K35: 75 | L35: 50 | M35: 100 | N35: 100 | O35: 100 | R35: 100 | S35: 100 | T35: 100 | U35: 100 | V35: 100 | W35: 100 | X35: 50 | Y35: 100 | Z35: 100 | AA35: 100 | AC35: 60 | AD35: 23 | AE35: 23 | AF35: 36 | AG35: 30 | AH35: 28 | AI35: 23 | AJ35: 15 | AK35: 24 | AL35: 26 | AM35: 37 | AO35: 59 | AP35: 21 | AQ35: 22 | AR35: 35 | AS35: 28 | AT35: 26 | AU35: 21 | AV35: 13 | AW35: 22 | AX35: 24 | AY35: 35 | BA35: 6 | BB35: 1 | BC35: 4 | BD35: 2 | BE35: 8 | BF35: 10 | BG35: 4 | BH35: 2 | BI35: 2 | BJ35: 1 | BK35: 10 | BV35: 1 | BW35: 1 | CK35: =ISNUMBER(D35) -> FALSE
A36: Kwali Local Government Area | B36: Pai Ward | C36: Bako Wisdom Clinic and Maternity Home | AZ36: 7 | BA36: 8 | BB36: 2 | BC36: 2 | BF36: 2 | BG36: 10 | BH36: 10 | BI36: 10 | BJ36: 6 | BK36: 6 | BL36: 1 | BP36: 1 | BQ36: 1 | BV36: 3 | BW36: 3 | CK36: =ISNUMBER(D36) -> FALSE
A37: Bwari Local Government Area | B37: Bwari Central Ward | C37: Barangoni Primariy Health Clinic | E37: 50 | F37: 100 | H37: 100 | I37: 75 | J37: 100 | K37: 87.5 | L37: 100 | M37: 50 | N37: 100 | O37: 100 | Q37: 100 | S37: 100 | T37: 100 | U37: 250 | Y37: 300 | AA37: 100 | AC37: 20 | AD37: 20 | AE37: 55 | AF37: 38 | AG37: 17 | AH37: 10 | AI37: 15 | AJ37: 22 | AK37: 19 | AL37: 11 | AM37: 22 | AO37: 20 | AP37: 32 | AQ37: 38 | AR37: 31 | AS37: 5 | AT37: 19 | AU37: 23 | AV37: 19 | AW37: 17 | AX37: 15 | AY37: 11 | BA37: 28 | BB37: 7 | BC37: 10 | BD37: 6 | BE37: 6 | BF37: 12 | BG37: 14 | BH37: 11 | BI37: 18 | BJ37: 10 | BK37: 14 | BO37: 3 | BQ37: 6 | BR37: 1 | BS37: 2 | BT37: 1 | BU37: 2 | BV37: 5 | BW37: 2 | CB37: 25 | CK37: =ISNUMBER(D37) -> FALSE
A38: Abaji Local Government Area | B38: Gurdi Ward | C38: Bari-Bari Primary Health Clinic | H38: 100 | I38: 33.33 | J38: 100 | K38: 100 | L38: 100 | M38: 100 | N38: 100 | O38: 100 | T38: 100 | U38: 66.67 | V38: 100 | W38: 100 | X38: 100 | Y38: 100 | Z38: 100 | AA38: 100 | AC38: 35 | AD38: 29 | AE38: 21 | AF38: 25 | AG38: 20 | AH38: 20 | AI38: 11 | AJ38: 20 | AK38: 16 | AL38: 20 | AM38: 18 | AO38: 58 | AP38: 28 | AQ38: 27 | AR38: 24 | AS38: 17 | AT38: 16 | AU38: 14 | AV38: 26 | AW38: 15 | AX38: 22 | AY38: 14 | BD38: 26 | BE38: 18 | BG38: 8 | BH38: 24 | BI38: 9 | BJ38: 50 | BP38: 4 | BQ38: 13 | BR38: 11 | BS38: 4 | BT38: 15 | BV38: 10 | CB38: 6 | CC38: 7 | CD38: 6 | CF38: 7 | CG38: 46 | CK38: =ISNUMBER(D38) -> FALSE
A39: Abuja Municipal Area Council | B39: Jiwa Ward | C39: Bassan Jiwan Primary Health Care Centre | E39: 60 | F39: 100 | G39: 100 | H39: 100 | I39: 100 | J39: 100 | K39: 100 | L39: 100 | M39: 100 | N39: 100 | O39: 75 | S39: 50 | T39: 25 | U39: 75 | V39: 50 | X39: 75 | Y39: 75 | AC39: 88 | AD39: 28 | AE39: 37 | AF39: 48 | AG39: 62 | AH39: 51 | AI39: 23 | AJ39: 56 | AK39: 80 | AL39: 51 | AM39: 23 | AO39: 78 | AP39: 30 | AQ39: 37 | AR39: 38 | AS39: 47 | AT39: 53 | AU39: 35 | AV39: 59 | AW39: 36 | AX39: 44 | AY39: 38 | BA39: 9 | BB39: 54 | BC39: 37 | BD39: 25 | BE39: 5 | BF39: 7 | BG39: 14 | BH39: 20 | BI39: 17 | BJ39: 20 | BK39: 7 | BN39: 3 | BO39: 6 | BP39: 13 | BQ39: 5 | BR39: 9 | BS39: 9 | BT39: 11 | BU39: 8 | BV39: 14 | BW39: 4 | CA39: 2 | CE39: 1 | CF39: 3 | CG39: 7 | CH39: 7 | CI39: 3 | CK39: =ISNUMBER(D39) -> FALSE
A40: Abuja Municipal Area Council | B40: City Centre Ward | C40: Bepos Clinic and Fertility Centre | AF40: 18 | AG40: 23 | AH40: 20 | AI40: 18 | AJ40: 22 | AK40: 22 | AR40: 14 | AS40: 19 | AT40: 14 | AU40: 15 | AV40: 17 | AW40: 20 | BD40: 1 | BG40: 1 | BH40: 1 | BP40: 4 | BQ40: 4 | BR40: 5 | BS40: 10 | BU40: 5 | CB40: 2 | CC40: 2 | CD40: 5 | CE40: 5 | CG40: 3 | CK40: =ISNUMBER(D40) -> FALSE
A41: Kuje Local Government Area | B41: Kujekwa Ward | C41: Bida Primary Health Centre | F41: 100 | G41: 100 | H41: 100 | I41: 100 | J41: 100 | K41: 100 | L41: 100 | N41: 100 | O41: 100 | R41: 66.67 | S41: 100 | T41: 100 | U41: 100 | V41: 100 | W41: 100 | X41: 100 | Z41: 100 | AA41: 100 | AD41: 14 | AE41: 13 | AF41: 13 | AG41: 13 | AH41: 14 | AI41: 12 | AJ41: 14 | AL41: 13 | AM41: 12 | AP41: 14 | AQ41: 12 | AR41: 14 | AS41: 13 | AT41: 13 | AU41: 13 | AV41: 12 | AX41: 13 | AY41: 13 | BB41: 4 | BC41: 5 | BD41: 1 | BE41: 8 | BF41: 5 | BG41: 4 | BH41: 4 | BJ41: 7 | BK41: 10 | CK41: =ISNUMBER(D41) -> FALSE
A42: Abuja Municipal Area Council | B42: Nyanya Ward | C42: Bismol Medical Centre | D42: 100 | E42: 100 | H42: 100 | I42: 100 | J42: 100 | K42: 100 | L42: 100 | M42: 100 | N42: 100 | AB42: 31 | AC42: 23 | AF42: 13 | AG42: 20 | AH42: 25 | AI42: 12 | AJ42: 13 | AK42: 17 | AL42: 16 | AN42: 37 | AO42: 19 | AR42: 13 | AS42: 19 | AT42: 25 | AU42: 15 | AV42: 16 | AW42: 17 | AX42: 20 | AZ42: 1 | BA42: 5 | BD42: 10 | BE42: 2 | BF42: 4 | BG42: 2 | BH42: 4 | BI42: 6 | BJ42: 1 | BM42: 2 | BQ42: 4 | BR42: 1 | BV42: 3 | CC42: 5 | CD42: 1 | CK42: =ISNUMBER(D42) -> TRUE
A43: Kwali Local Government Area | B43: Wako Ward | C43: Bukpe Primary Health Clinic | F43: 100 | G43: 100 | H43: 100 | I43: 200 | J43: 100 | K43: 100 | L43: 100 | M43: 200 | N43: 100 | O43: 100 | R43: 100 | S43: 100 | T43: 100 | U43: 200 | V43: 100 | W43: 50 | X43: 100 | Y43: 200 | Z43: 100 | AA43: 100 | AD43: 18 | AE43: 17 | AF43: 21 | AG43: 21 | AH43: 18 | AI43: 17 | AJ43: 16 | AK43: 20 | AL43: 16 | AM43: 17 | AP43: 20 | AQ43: 16 | AR43: 21 | AS43: 18 | AT43: 21 | AU43: 20 | AV43: 18 | AW43: 17 | AX43: 16 | AY43: 16 | BB43: 6 | BC43: 23 | BD43: 7 | BE43: 8 | BF43: 6 | BG43: 16 | BH43: 8 | BI43: 7 | BJ43: 4 | BK43: 9 | BQ43: 5 | BR43: 2 | BS43: 3 | BU43: 1 | BV43: 2 | BW43: 4 | CD43: 6 | CK43: =ISNUMBER(D43) -> FALSE
A44: Abuja Municipal Area Council | B44: Kabusa Ward | C44: Burum Health Clinic | E44: 25 | F44: 50 | G44: 50 | H44: 75 | I44: 50 | J44: 25 | K44: 50 | L44: 50 | M44: 50 | N44: 75 | O44: 25 | R44: 25 | S44: 50 | T44: 25 | U44: 25 | V44: 25 | W44: 50 | X44: 25 | Y44: 50 | AA44: 25 | AD44: 14 | AE44: 7 | AF44: 13 | AG44: 13 | AH44: 6 | AI44: 13 | AJ44: 13 | AK44: 18 | AL44: 14 | AM44: 5 | AP44: 7 | AQ44: 22 | AR44: 20 | AS44: 6 | AT44: 7 | AU44: 12 | AV44: 10 | AW44: 32 | AX44: 16 | AY44: 7 | BA44: 3 | BB44: 5 | BC44: 6 | BD44: 7 | BE44: 3 | BF44: 7 | BG44: 8 | BH44: 3 | BI44: 6 | BJ44: 4 | BK44: 3 | BM44: 1 | BQ44: 1 | BS44: 2 | BT44: 1 | BU44: 2 | BV44: 2 | BW44: 2 | CK44: =ISNUMBER(D44) -> FALSE
A45: Kuje Local Government Area | B45: Kuje Central Ward | C45: Buzunkure Primary Health Centre | D45: 100 | E45: 100 | F45: 100 | G45: 100 | H45: 100 | I45: 100 | J45: 100 | K45: 100 | L45: 100 | O45: 100 | Q45: 100 | R45: 100 | AB45: 5 | AC45: 20 | AD45: 7 | AE45: 8 | AG45: 7 | AH45: 6 | AI45: 9 | AJ45: 10 | AK45: 6 | AM45: 3 | AN45: 7 | AO45: 8 | AP45: 10 | AQ45: 10 | AR45: 9 | AS45: 5 | AT45: 7 | AU45: 8 | AV45: 6 | AW45: 10 | AY45: 5 | AZ45: 15 | BA45: 4 | BB45: 7 | BC45: 7 | BD45: 8 | BE45: 2 | BF45: 2 | BG45: 18 | BH45: 24 | BI45: 26 | BK45: 5 | BL45: 1 | BM45: 6 | BN45: 2 | BP45: 1 | BQ45: 3 | BS45: 4 | BT45: 3 | BU45: 1 | BW45: 5 | BX45: 15 | BZ45: 1 | CA45: 17 | CD45: 7 | CK45: =ISNUMBER(D45) -> TRUE
A46: Bwari Local Government Area | B46: Bwari Central Ward | C46: Bwari General Hospital | D46: 100 | E46: 100 | F46: 100 | G46: 100 | H46: 100 | I46: 100 | J46: 100 | K46: 61.9 | L46: 100 | M46: 100 | N46: 100 | O46: 100 | AB46: 289 | AC46: 265 | AD46: 119 | AE46: 146 | AF46: 96 | AG46: 120 | AH46: 111 | AI46: 48 | AJ46: 64 | AK46: 82 | AL46: 112 | AM46: 80 | AN46: 240 | AO46: 241 | AP46: 171 | AQ46: 130 | AR46: 99 | AS46: 110 | AT46: 76 | AU46: 65 | AV46: 82 | AW46: 84 | AX46: 79 | AY46: 58 | AZ46: 131 | BA46: 126 | BB46: 159 | BC46: 159 | BD46: 238 | BE46: 128 | BF46: 56 | BH46: 112 | BI46: 155 | BJ46: 137 | BK46: 215 | BL46: 80 | BM46: 59 | BN46: 94 | BO46: 93 | BP46: 94 | BQ46: 55 | BR46: 84 | BS46: 76 | BT46: 61 | BU46: 44 | BV46: 44 | BW46: 46 | BX46: 80 | BY46: 5 | BZ46: 6 | CA46: 8 | CB46: 9 | CC46: 9 | CD46: 3 | CF46: 3 | CG46: 6 | CH46: 4 | CI46: 7 | CK46: =ISNUMBER(D46) -> TRUE
A47: Bwari Local Government Area | B47: Kuduru Ward | C47: Bwari Town Primary Health Center | E47: 50 | F47: 100 | G47: 100 | H47: 100 | I47: 100 | J47: 88.89 | K47: 77.78 | L47: 100 | M47: 100 | N47: 100 | O47: 87.5 | Q47: 350 | R47: 50 | U47: 50 | Z47: 50 | AA47: 350 | AC47: 81 | AD47: 19 | AE47: 28 | AF47: 33 | AG47: 43 | AH47: 28 | AI47: 46 | AJ47: 36 | AK47: 34 | AL47: 32 | AM47: 65 | AO47: 57 | AP47: 24 | AQ47: 30 | AR47: 30 | AS47: 32 | AT47: 32 | AU47: 36 | AV47: 47 | AW47: 43 | AX47: 48 | AY47: 78 | BA47: 40 | BB47: 42 | BC47: 52 | BD47: 40 | BE47: 36 | BF47: 44 | BG47: 31 | BH47: 24 | BI47: 35 | BJ47: 40 | BK47: 29 | BO47: 2 | BP47: 25 | BQ47: 21 | BR47: 22 | BS47: 14 | BT47: 20 | BU47: 16 | BV47: 22 | BW47: 13 | CH47: 1 | CK47: =ISNUMBER(D47) -> FALSE
A48: Bwari Local Government Area | B48: Byazhin Ward | C48: Byazhin Primary Health Center | E48: 80 | F48: 100 | I48: 100 | J48: 100 | K48: 100 | L48: 100 | M48: 100 | N48: 100 | O48: 100 | Q48: 100 | R48: 50 | T48: 50 | U48: 100 | V48: 100 | X48: 100 | Y48: 100 | Z48: 100 | AA48: 100 | AC48: 173 | AD48: 70 | AE48: 98 | AF48: 127 | AG48: 94 | AH48: 106 | AI48: 106 | AJ48: 94 | AK48: 91 | AL48: 101 | AM48: 214 | AO48: 323 | AP48: 69 | AQ48: 68 | AR48: 97 | AS48: 88 | AT48: 123 | AU48: 105 | AV48: 92 | AW48: 106 | AX48: 109 | AY48: 210 | BA48: 36 | BB48: 95 | BC48: 85 | BD48: 85 | BE48: 77 | BF48: 76 | BG48: 107 | BH48: 89 | BI48: 69 | BJ48: 90 | BK48: 131 | BM48: 21 | BN48: 50 | BO48: 41 | BP48: 42 | BQ48: 40 | BR48: 46 | BS48: 47 | BT48: 31 | BU48: 47 | BV48: 48 | BW48: 35 | BY48: 1 | BZ48: 6 | CA48: 3 | CB48: 10 | CC48: 7 | CD48: 2 | CE48: 4 | CF48: 2 | CG48: 3 | CH48: 6 | CI48: 5 | CK48: =ISNUMBER(D48) -> FALSE
A49: Abuja Municipal Area Council | B49: Garki Ward | C49: Cedar Crest Hospital | AB49: 9 | AD49: 12 | AE49: 7 | AF49: 14 | AG49: 14 | AH49: 21 | AI49: 9 | AJ49: 10 | AK49: 15 | AL49: 10 | AM49: 11 | AN49: 8 | AP49: 15 | AQ49: 13 | AR49: 11 | AS49: 4 | AT49: 8 | AU49: 13 | AV49: 20 | AW49: 9 | AX49: 9 | AY49: 14 | AZ49: 15 | BB49: 9 | BC49: 12 | BD49: 9 | BE49: 6 | BF49: 14 | BG49: 6 | BH49: 8 | BI49: 5 | BJ49: 10 | BK49: 10 | BL49: 2 | BN49: 3 | BO49: 3 | BP49: 4 | BQ49: 7 | BS49: 3 | BT49: 2 | BU49: 2 | BV49: 8 | BX49: 13 | BZ49: 2 | CA49: 1 | CB49: 1 | CC49: 3 | CG49: 3 | CK49: =ISNUMBER(D49) -> FALSE
A50: Abuja Municipal Area Council | B50: Garki Ward | C50: Central Bank of Nigeria Clinic | D50: 100 | E50: 100 | F50: 100 | H50: 100 | I50: 100 | J50: 100 | K50: 100 | L50: 100 | N50: 100 | O50: 100 | AB50: 28 | AC50: 28 | AD50: 45 | AE50: 18 | AF50: 25 | AG50: 22 | AH50: 26 | AI50: 18 | AJ50: 25 | AL50: 17 | AM50: 27 | AN50: 26 | AO50: 25 | AP50: 43 | AQ50: 15 | AR50: 29 | AS50: 28 | AT50: 25 | AU50: 24 | AV50: 22 | AX50: 30 | AY50: 42 | AZ50: 18 | BA50: 17 | BB50: 21 | BC50: 26 | BD50: 19 | BE50: 18 | BF50: 16 | BG50: 19 | BH50: 23 | BJ50: 17 | BK50: 15 | BL50: 19 | BM50: 38 | BN50: 20 | BO50: 22 | BP50: 85 | BQ50: 60 | BR50: 25 | BS50: 35 | BT50: 35 | BV50: 12 | BW50: 41 | BX50: 16 | BY50: 25 | BZ50: 8 | CA50: 10 | CB50: 38 | CC50: 32 | CD50: 18 | CE50: 25 | CF50: 30 | CH50: 9 | CI50: 80 | CK50: =ISNUMBER(D50) -> TRUE
A51: Kuje Local Government Area | B51: Chibiri Ward | C51: Chibiri Primary Health Centre | F51: 100 | G51: 100 | H51: 100 | I51: 100 | J51: 100 | K51: 100 | L51: 75 | M51: 100 | N51: 100 | O51: 100 | R51: 100 | S51: 100 | T51: 100 | U51: 100 | V51: 100 | X51: 50 | Y51: 100 | Z51: 100 | AA51: 100 | AD51: 16 | AE51: 31 | AF51: 33 | AG51: 36 | AH51: 38 | AI51: 39 | AJ51: 29 | AK51: 49 | AL51: 40 | AM51: 42 | AP51: 19 | AQ51: 29 | AR51: 32 | AS51: 35 | AT51: 35 | AU51: 35 | AV51: 22 | AW51: 38 | AX51: 41 | AY51: 44 | BB51: 9 | BC51: 10 | BD51: 1 | BE51: 20 | BF51: 4 | BG51: 3 | BH51: 5 | BI51: 6 | BJ51: 2 | BK51: 5 | BQ51: 2 | BU51: 1 | BV51: 2 | BW51: 2 | CK51: =ISNUMBER(D51) -> FALSE
A52: Gwagwalada Local Government Area | B52: Zuba Ward | C52: Chibuzor Clinic And Maternity, Zuba | BI52: 15 | BJ52: 26 | BK52: 8 | BT52: 4 | BU52: 1 | BV52: 2 | BW52: 2 | CF52: 2 | CG52: 1 | CH52: 4 | CI52: 1 | CK52: =ISNUMBER(D52) -> FALSE
A53: Kwali Local Government Area | B53: Wako Ward | C53: Chida Primary Health Clinic | E53: 100 | F53: 100 | G53: 100 | H53: 100 | I53: 193.33 | J53: 100 | K53: 100 | L53: 100 | M53: 100 | N53: 100 | O53: 100 | Q53: 100 | S53: 100 | T53: 100 | U53: 133.02 | V53: 100 | W53: 100 | X53: 100 | Y53: 100 | Z53: 100 | AA53: 100 | AC53: 10 | AD53: 11 | AE53: 11 | AF53: 9 | AG53: 9 | AH53: 9 | AI53: 9 | AJ53: 10 | AK53: 10 | AL53: 11 | AM53: 12 | AO53: 60 | AP53: 10 | AQ53: 11 | AR53: 9 | AS53: 10 | AT53: 10 | AU53: 9 | AV53: 11 | AW53: 9 | AX53: 10 | AY53: 12 | BA53: 7 | BB53: 3 | BC53: 5 | BD53: 4 | BE53: 5 | BF53: 6 | BG53: 4 | BH53: 3 | BI53: 2 | BJ53: 2 | BK53: 3 | CK53: =ISNUMBER(D53) -> FALSE
A54: Bwari Local Government Area | B54: Byazhin Ward | C54: Chikakore Primary Health Clinic | E54: 100 | F54: 100 | G54: 100 | H54: 100 | I54: 100 | J54: 100 | K54: 100 | L54: 100 | M54: 100 | N54: 100 | O54: 100 | X54: 100 | AA54: 100 | AC54: 21 | AD54: 5 | AE54: 9 | AF54: 9 | AG54: 7 | AH54: 9 | AI54: 10 | AJ54: 18 | AK54: 10 | AL54: 7 | AM54: 11 | AO54: 23 | AP54: 9 | AQ54: 12 | AR54: 10 | AS54: 9 | AT54: 12 | AU54: 5 | AV54: 7 | AW54: 12 | AX54: 11 | AY54: 8 | BA54: 8 | BB54: 8 | BC54: 1 | BD54: 4 | BE54: 3 | BF54: 9 | BG54: 5 | BH54: 4 | BI54: 5 | BJ54: 9 | BK54: 6 | BP54: 3 | BQ54: 1 | BR54: 1 | BT54: 1 | BU54: 3 | CK54: =ISNUMBER(D54) -> FALSE
A55: Abuja Municipal Area Council | B55: Wuse Ward | C55: Children Care and Wellness Clinic | AB55: 8 | AC55: 10 | AG55: 7 | AH55: 6 | AI55: 10 | AJ55: 9 | AK55: 9 | AL55: 13 | AM55: 10 | AN55: 11 | AO55: 14 | AS55: 11 | AT55: 7 | AU55: 10 | AV55: 11 | AW55: 11 | AX55: 13 | AY55: 12 | AZ55: 9 | BA55: 3 | BE55: 2 | BG55: 3 | BH55: 1 | BI55: 1 | BJ55: 4 | BK55: 3 | CK55: =ISNUMBER(D55) -> FALSE
A56: Gwagwalada Local Government Area | B56: Ikwa Ward | C56: Chitumu Primary Health Clinic | E56: 50 | F56: 75 | G56: 50 | H56: 75 | I56: 75 | J56: 50 | K56: 75 | L56: 50 | M56: 100 | N56: 100 | O56: 100 | Q56: 25 | R56: 25 | S56: 25 | T56: 50 | U56: 50 | V56: 50 | W56: 75 | X56: 50 | Y56: 50 | Z56: 75 | AA56: 75 | AC56: 13 | AD56: 22 | AE56: 8 | AF56: 10 | AG56: 13 | AH56: 4 | AI56: 16 | AJ56: 8 | AK56: 20 | AL56: 25 | AM56: 10 | AO56: 11 | AP56: 26 | AQ56: 15 | AR56: 11 | AS56: 13 | AT56: 4 | AU56: 14 | AV56: 12 | AW56: 20 | AX56: 27 | AY56: 25 | BB56: 2 | BC56: 2 | BD56: 2 | BE56: 3 | BF56: 1 | BG56: 5 | BH56: 7 | BI56: 12 | BJ56: 17 | BK56: 21 | BM56: 8 | BN56: 15 | BO56: 8 | BP56: 2 | BQ56: 10 | BR56: 3 | BS56: 6 | BT56: 11 | BU56: 8 | BV56: 8 | BW56: 15 | CK56: =ISNUMBER(D56) -> FALSE
A57: Abuja Municipal Area Council | B57: Orozo Ward | C57: Chorin-Bisa Primary Health Centre | E57: 50 | F57: 100 | G57: 100 | H57: 100 | I57: 100 | J57: 100 | K57: 100 | L57: 75 | M57: 100 | N57: 100 | O57: 100 | AC57: 16 | AD57: 22 | AE57: 21 | AF57: 13 | AG57: 9 | AH57: 10 | AI57: 9 | AJ57: 2 | AK57: 8 | AL57: 8 | AM57: 6 | AO57: 13 | AP57: 26 | AQ57: 25 | AR57: 20 | AS57: 11 | AT57: 7 | AU57: 15 | AV57: 5 | AW57: 7 | AX57: 7 | AY57: 7 | BA57: 8 | BB57: 9 | BC57: 12 | BD57: 10 | BE57: 8 | BF57: 4 | BG57: 17 | BH57: 13 | BI57: 8 | BJ57: 9 | BK57: 9 | BT57: 4 | BU57: 5 | BV57: 6 | BW57: 3 | CK57: =ISNUMBER(D57) -> FALSE
A58: Kuje Local Government Area | B58: Chibiri Ward | C58: Chukuku Primary Health Centre | E58: 75 | F58: 100 | G58: 100 | H58: 100 | I58: 100 | J58: 100 | K58: 100 | L58: 100 | M58: 100 | N58: 100 | R58: 100 | T58: 100 | U58: 100 | W58: 100 | X58: 100 | AC58: 26 | AD58: 32 | AE58: 45 | AF58: 53 | AH58: 41 | AI58: 40 | AJ58: 23 | AK58: 38 | AL58: 37 | AM58: 38 | AO58: 26 | AP58: 41 | AQ58: 36 | AR58: 35 | AS58: 48 | AT58: 45 | AU58: 51 | AV58: 28 | AW58: 40 | AX58: 35 | AY58: 34 | BA58: 31 | BB58: 42 | BC58: 20 | BD58: 14 | BE58: 24 | BF58: 23 | BG58: 34 | BH58: 24 | BI58: 27 | BK58: 21 | BM58: 1 | BN58: 9 | BO58: 10 | BP58: 18 | BQ58: 12 | BR58: 14 | BS58: 11 | BT58: 11 | BU58: 13 | BV58: 20 | BW58: 15 | CD58: 1 | CE58: 6 | CG58: 4 | CH58: 7 | CI58: 4 | CK58: =ISNUMBER(D58) -> FALSE
A59: Kwali Local Government Area | B59: Kilankwa Ward | C59: Chukuku Tsoho Primary Health Entre | E59: 100 | F59: 100 | H59: 100 | I59: 100 | J59: 100 | K59: 100 | L59: 100 | M59: 100 | N59: 100 | O59: 100 | Q59: 100 | R59: 100 | T59: 100 | U59: 100 | V59: 100 | W59: 100 | X59: 100 | Y59: 100 | Z59: 100 | AA59: 100 | AC59: 16 | AD59: 18 | AE59: 20 | AF59: 21 | AG59: 22 | AH59: 18 | AI59: 18 | AJ59: 17 | AK59: 16 | AL59: 15 | AM59: 16 | AO59: 16 | AP59: 20 | AQ59: 16 | AR59: 22 | AS59: 20 | AT59: 21 | AU59: 17 | AV59: 16 | AW59: 14 | AX59: 14 | AY59: 14 | BB59: 2 | BC59: 3 | BD59: 3 | BE59: 3 | BF59: 5 | BG59: 1 | BI59: 3 | BJ59: 3 | BK59: 5 | BM59: 2 | BN59: 4 | BO59: 3 | BP59: 5 | BQ59: 4 | BR59: 3 | BS59: 1 | BT59: 1 | BU59: 2 | BV59: 2 | BW59: 6 | BY59: 1 | BZ59: 2 | CA59: 4 | CB59: 3 | CC59: 2 | CD59: 2 | CI59: 5 | CK59: =ISNUMBER(D59) -> FALSE
A60: Abuja Municipal Area Council | B60: Orozo Ward | C60: Cornelia Clinic and Maternity | E60: 100 | H60: 100 | I60: 100 | M60: 100 | O60: 100 | AB60: 23 | AC60: 17 | AD60: 10 | AE60: 3 | AF60: 10 | AG60: 6 | AI60: 11 | AJ60: 4 | AK60: 10 | AL60: 11 | AM60: 6 | AN60: 13 | AO60: 15 | AP60: 20 | AQ60: 6 | AR60: 12 | AS60: 1 | AU60: 5 | AV60: 14 | AW60: 10 | AX60: 9 | AY60: 7 | AZ60: 13 | BA60: 5 | BB60: 9 | BC60: 12 | BD60: 15 | BE60: 12 | BG60: 12 | BH60: 5 | BI60: 13 | BJ60: 17 | BK60: 20 | BL60: 13 | BM60: 1 | BN60: 10 | BO60: 10 | BP60: 5 | BQ60: 8 | BS60: 14 | BT60: 5 | BU60: 13 | BV60: 9 | BW60: 18 | BX60: 4 | BY60: 60 | BZ60: 5 | CA60: 4 | CB60: 7 | CC60: 4 | CE60: 8 | CF60: 75 | CG60: 4 | CH60: 9 | CI60: 5 | CK60: =ISNUMBER(D60) -> FALSE
A61: Abuja Municipal Area Council | B61: Karu Ward | C61: Cornelian Jubilee Hospital (Jikwoyi) | AH61: 11 | AT61: 9 | BF61: 9 | BR61: 12 | CD61: 3 | CK61: =ISNUMBER(D61) -> FALSE
A62: Abuja Municipal Area Council | B62: Gwagwa Ward | C62: Cream Medics Clinic & Maternity (Gwagwa) | BI62: 10 | BU62: 2 | CK62: =ISNUMBER(D62) -> FALSE
A63: Abuja Municipal Area Council | B63: City Centre Ward | C63: Crystal Paediatric Clinic | F63: 100 | L63: 100 | AD63: 4 | AI63: 5 | AJ63: 8 | AL63: 6 | AU63: 9 | AV63: 3 | AX63: 8 | CK63: =ISNUMBER(D63) -> FALSE
A64: Kwali Local Government Area | B64: Pai Ward | C64: Dabi/Bako Comprehensive Health Centre | F64: 100 | G64: 100 | H64: 100 | I64: 100 | J64: 100 | K64: 100 | L64: 100 | M64: 100 | N64: 100 | O64: 100 | R64: 100 | S64: 50 | T64: 100 | U64: 100 | V64: 100 | W64: 100 | X64: 100 | Y64: 100 | AA64: 100 | AC64: 64 | AD64: 88 | AE64: 71 | AF64: 74 | AG64: 65 | AH64: 48 | AI64: 75 | AJ64: 65 | AK64: 80 | AL64: 88 | AM64: 65 | AO64: 56 | AP64: 77 | AQ64: 55 | AR64: 64 | AS64: 55 | AT64: 38 | AU64: 70 | AV64: 68 | AW64: 75 | AX64: 75 | AY64: 54 | BA64: 34 | BB64: 70 | BC64: 36 | BD64: 32 | BE64: 31 | BF64: 31 | BG64: 37 | BH64: 24 | BI64: 36 | BJ64: 83 | BK64: 20 | BN64: 2 | BO64: 10 | BP64: 33 | BQ64: 28 | BR64: 20 | BS64: 15 | BT64: 14 | BU64: 21 | BV64: 37 | BW64: 15 | CC64: 2 | CD64: 1 | CE64: 3 | CF64: 2 | CG64: 2 | CH64: 7 | CI64: 2 | CK64: =ISNUMBER(D64) -> FALSE
A65: Kwali Local Government Area | B65: Dafa Ward | C65: Dafa Health Clinic | F65: 100 | G65: 100 | H65: 100 | I65: 100 | J65: 100 | K65: 75 | L65: 100 | M65: 100 | N65: 100 | O65: 100 | R65: 50 | S65: 75 | T65: 100 | U65: 100 | V65: 100 | X65: 100 | AC65: 30 | AD65: 14 | AE65: 37 | AF65: 86 | AG65: 37 | AH65: 9 | AI65: 34 | AJ65: 53 | AK65: 44 | AL65: 45 | AM65: 48 | AO65: 7 | AP65: 15 | AQ65: 39 | AR65: 82 | AS65: 40 | AT65: 9 | AU65: 8 | AV65: 44 | AW65: 45 | AX65: 44 | AY65: 37 | BA65: 21 | BB65: 28 | BC65: 23 | BD65: 72 | BE65: 24 | BF65: 24 | BG65: 23 | BH65: 18 | BI65: 24 | BJ65: 23 | BK65: 14 | BM65: 2 | BN65: 1 | BO65: 5 | BP65: 12 | BQ65: 15 | BR65: 4 | BS65: 6 | BT65: 8 | BU65: 19 | BV65: 18 | BW65: 4 | CC65: 1 | CD65: 1 | CE65: 1 | CG65: 2 | CH65: 3 | CK65: =ISNUMBER(D65) -> FALSE
A66: Kuje Local Government Area | B66: Gaube Ward | C66: Dafara Primary Health Centre | E66: 100 | F66: 50 | G66: 100 | H66: 100 | I66: 100 | J66: 100 | K66: 75 | L66: 100 | N66: 100 | Q66: 100 | X66: 100 | AC66: 53 | AD66: 16 | AE66: 15 | AF66: 25 | AG66: 33 | AH66: 18 | AI66: 13 | AJ66: 18 | AL66: 12 | AO66: 52 | AP66: 19 | AQ66: 25 | AR66: 16 | AS66: 29 | AT66: 18 | AU66: 13 | AV66: 19 | AX66: 18 | BA66: 2 | BB66: 1 | BC66: 4 | BD66: 8 | BE66: 5 | BF66: 8 | BH66: 5 | BJ66: 6 | BQ66: 3 | BT66: 1 | CK66: =ISNUMBER(D66) -> FALSE
A67: Gwagwalada Local Government Area | B67: Central Ward | C67: Dagiri Primary Health Clinic | F67: 75 | G67: 100 | H67: 100 | I67: 100 | J67: 100 | K67: 75 | M67: 88.89 | N67: 100 | O67: 87.5 | R67: 75 | T67: 100 | U67: 100 | V67: 100 | W67: 75 | Y67: 100 | Z67: 100 | AA67: 100 | AC67: 64 | AD67: 26 | AE67: 37 | AF67: 44 | AG67: 42 | AH67: 32 | AI67: 21 | AK67: 39 | AL67: 29 | AM67: 53 | AO67: 2801 | AP67: 25 | AQ67: 40 | AR67: 46 | AS67: 27 | AT67: 40 | AU67: 30 | AW67: 37 | AX67: 26 | AY67: 45 | BA67: 29 | BB67: 24 | BC67: 21 | BD67: 20 | BE67: 21 | BF67: 13 | BG67: 17 | BI67: 14 | BJ67: 22 | BK67: 22 | BN67: 2 | BO67: 3 | BP67: 11 | BQ67: 12 | BR67: 11 | BS67: 5 | BU67: 10 | BV67: 10 | BW67: 10 | CC67: 2 | CE67: 1 | CG67: 5 | CH67: 4 | CI67: 22 | CK67: =ISNUMBER(D67) -> FALSE
A68: Abuja Municipal Area Council | B68: Jiwa Ward | C68: Dakwa Dantata Primary Health Clinic | F68: 100 | G68: 100 | H68: 200 | I68: 100 | K68: 75 | L68: 100 | M68: 100 | N68: 100 | O68: 100 | AC68: 91 | AD68: 16 | AE68: 12 | AF68: 50 | AG68: 16 | AI68: 20 | AJ68: 21 | AK68: 14 | AL68: 32 | AM68: 15 | AO68: 96 | AP68: 17 | AQ68: 29 | AR68: 42 | AS68: 12 | AU68: 16 | AV68: 24 | AW68: 20 | AX68: 21 | AY68: 12 | BA68: 43 | BB68: 12 | BC68: 13 | BD68: 4 | BE68: 12 | BG68: 8 | BH68: 7 | BI68: 9 | BJ68: 10 | BK68: 12 | BN68: 1 | BO68: 2 | BP68: 6 | BQ68: 4 | BS68: 2 | BT68: 3 | BU68: 5 | BV68: 4 | BW68: 2 | CI68: 1 | CK68: =ISNUMBER(D68) -> FALSE
A69: Bwari Local Government Area | B69: Kubwa Ward | C69: Dakwa Primary Health Clinic | E69: 40 | F69: 100 | G69: 100 | H69: 100 | I69: 100 | J69: 80 | K69: 75 | L69: 75 | M69: 100 | N69: 100 | O69: 100 | Q69: 40 | R69: 100 | S69: 100 | T69: 100 | U69: 100 | V69: 75 | W69: 60 | X69: 75 | Y69: 75 | Z69: 100 | AA69: 100 | AC69: 721 | AD69: 65 | AE69: 75 | AF69: 77 | AG69: 57 | AH69: 67 | AI69: 53 | AJ69: 48 | AK69: 59 | AL69: 67 | AM69: 82 | AO69: 1050 | AP69: 42 | AQ69: 63 | AR69: 82 | AS69: 62 | AT69: 51 | AU69: 43 | AV69: 53 | AW69: 54 | AX69: 55 | AY69: 56 | BA69: 17 | BB69: 23 | BC69: 18 | BD69: 26 | BE69: 32 | BF69: 9 | BG69: 16 | BH69: 19 | BI69: 22 | BJ69: 21 | BK69: 15 | BO69: 2 | BP69: 2 | BQ69: 3 | BR69: 9 | BS69: 4 | BT69: 7 | BU69: 5 | BV69: 11 | BW69: 4 | CD69: 2 | CG69: 1 | CK69: =ISNUMBER(D69) -> FALSE
A70: Abuja Municipal Area Council | B70: Garki Ward | C70: Damagaza Primary Health Centre | E70: 75 | F70: 100 | G70: 100 | H70: 100 | I70: 100 | J70: 100 | L70: 100 | M70: 100 | O70: 100 | R70: 100 | S70: 75 | U70: 50 | V70: 75 | X70: 50 | AC70: 25 | AD70: 31 | AE70: 18 | AF70: 24 | AG70: 18 | AH70: 16 | AI70: 31 | AJ70: 17 | AK70: 18 | AL70: 21 | AM70: 14 | AO70: 16 | AP70: 23 | AQ70: 27 | AR70: 19 | AS70: 15 | AT70: 16 | AU70: 22 | AV70: 21 | AW70: 19 | AX70: 16 | AY70: 9 | BA70: 8 | BB70: 7 | BC70: 33 | BD70: 6 | BE70: 6 | BF70: 22 | BG70: 7 | BH70: 6 | BI70: 2 | BJ70: 11 | BK70: 7 | BO70: 1 | BQ70: 6 | BR70: 3 | BS70: 3 | BT70: 5 | BU70: 5 | BV70: 1 | BW70: 2 | CH70: 1 | CI70: 3 | CK70: =ISNUMBER(D70) -> FALSE
A71: Kwali Local Government Area | B71: Kundu Ward | C71: Damakusa Primary Health Clinic | E71: 100 | F71: 100 | G71: 100 | H71: 100 | I71: 100 | J71: 100 | K71: 100 | L71: 100 | M71: 100 | N71: 100 | O71: 100 | Q71: 100 | R71: 100 | S71: 100 | T71: 100 | U71: 100 | V71: 100 | W71: 100 | X71: 100 | Y71: 100 | Z71: 100 | AA71: 100 | AC71: 26 | AD71: 10 | AE71: 14 | AF71: 18 | AG71: 5 | AH71: 16 | AI71: 15 | AJ71: 20 | AK71: 24 | AL71: 24 | AM71: 25 | AO71: 150 | AP71: 11 | AQ71: 14 | AR71: 18 | AS71: 10 | AT71: 16 | AU71: 13 | AV71: 20 | AW71: 24 | AX71: 22 | AY71: 23 | BA71: 2 | BC71: 4 | BD71: 6 | BE71: 10 | BF71: 15 | BG71: 12 | BH71: 13 | BM71: 2 | BQ71: 3 | BR71: 6 | BT71: 4 | BU71: 7 | BV71: 33 | BW71: 47 | BY71: 6 | BZ71: 7 | CH71: 15 | CI71: 22 | CK71: =ISNUMBER(D71) -> FALSE
A72: Kwali Local Government Area | B72: Wako Ward | C72: Dangara Health Clinic | F72: 100 | G72: 100 | H72: 100 | I72: 100 | J72: 100 | K72: 100 | L72: 100 | M72: 100 | R72: 100 | S72: 100 | T72: 75 | U72: 100 | V72: 100 | W72: 100 | X72: 100 | Y72: 75 | AC72: 86 | AD72: 24 | AE72: 24 | AF72: 24 | AG72: 27 | AH72: 25 | AI72: 27 | AJ72: 29 | AK72: 25 | AL72: 26 | AO72: 85 | AP72: 22 | AQ72: 20 | AR72: 21 | AS72: 20 | AT72: 17 | AU72: 21 | AV72: 23 | AW72: 18 | AX72: 20 | BA72: 7 | BB72: 2 | BC72: 2 | BD72: 3 | BE72: 3 | BF72: 3 | BH72: 4 | BI72: 3 | BJ72: 4 | BM72: 7 | BN72: 3 | BO72: 4 | BP72: 4 | BQ72: 6 | BR72: 4 | BS72: 3 | BZ72: 4 | CF72: 10 | CG72: 4 | CH72: 4 | CK72: =ISNUMBER(D72) -> FALSE
A73: Kwali Local Government Area | B73: Wako Ward | C73: Dapa Primary Health Clinic | F73: 100 | G73: 100 | H73: 100 | I73: 100 | J73: 100 | K73: 100 | L73: 100 | M73: 100 | N73: 100 | O73: 100 | R73: 100 | S73: 100 | T73: 100 | U73: 100 | V73: 100 | W73: 100 | X73: 100 | Y73: 100 | Z73: 100 | AA73: 66.67 | AC73: 6 | AD73: 20 | AE73: 22 | AF73: 20 | AG73: 20 | AH73: 20 | AI73: 21 | AJ73: 23 | AK73: 23 | AL73: 24 | AM73: 23 | AO73: 6 | AP73: 20 | AQ73: 22 | AR73: 20 | AS73: 20 | AT73: 20 | AU73: 21 | AV73: 23 | AW73: 23 | AX73: 24 | AY73: 23 | BA73: 2 | BC73: 4 | BD73: 5 | BE73: 8 | BF73: 7 | BG73: 10 | BH73: 10 | BI73: 9 | BJ73: 9 | BK73: 7 | BM73: 4 | BN73: 7 | BO73: 4 | BQ73: 8 | BR73: 7 | BS73: 4 | BT73: 3 | BU73: 4 | BV73: 4 | BW73: 5 | BY73: 4 | CA73: 6 | CB73: 5 | CE73: 6 | CF73: 7 | CG73: 5 | CH73: 5 | CI73: 2 | CK73: =ISNUMBER(D73) -> FALSE
A74: Kuje Local Government Area | B74: Gudunkarya Ward | C74: Darka Primary Health Clinic | E74: 100 | F74: 100 | G74: 100 | H74: 100 | I74: 100 | K74: 100 | L74: 100 | M74: 100 | N74: 100 | O74: 100 | Q74: 100 | R74: 100 | S74: 100 | T74: 100 | U74: 100 | W74: 75 | X74: 100 | Y74: 100 | Z74: 100 | AA74: 100 | AC74: 18 | AD74: 30 | AE74: 22 | AF74: 24 | AG74: 22 | AI74: 28 | AJ74: 20 | AK74: 23 | AL74: 26 | AM74: 28 | AO74: 18 | AP74: 39 | AQ74: 23 | AR74: 22 | AS74: 23 | AU74: 23 | AV74: 18 | AW74: 22 | AX74: 29 | AY74: 30 | BA74: 4 | BB74: 2 | BC74: 1 | BD74: 4 | BE74: 4 | BG74: 6 | BH74: 3 | BI74: 17 | BJ74: 5 | BK74: 4 | BM74: 1 | BN74: 2 | BO74: 1 | BP74: 1 | BQ74: 2 | BS74: 2 | BT74: 2 | BU74: 3 | BV74: 2 | BW74: 3 | CB74: 12 | CK74: =ISNUMBER(D74) -> FALSE
A75: Bwari Local Government Area | B75: Usuma Ward | C75: Daughters of Charity St Vincent Hospital | D75: 100 | E75: 10 | J75: 100 | K75: 100 | L75: 100 | M75: 100 | N75: 100 | O75: 100 | AB75: 26 | AC75: 39 | AF75: 36 | AH75: 36 | AI75: 21 | AJ75: 62 | AK75: 27 | AL75: 30 | AM75: 27 | AN75: 24 | AO75: 35 | AR75: 29 | AT75: 28 | AU75: 31 | AV75: 49 | AW75: 25 | AX75: 13 | AY75: 25 | AZ75: 64 | BA75: 79 | BD75: 78 | BE75: 52 | BF75: 46 | BG75: 55 | BH75: 20 | BI75: 40 | BJ75: 74 | BK75: 51 | BL75: 60 | BM75: 44 | BP75: 62 | BQ75: 47 | BR75: 53 | BS75: 53 | BT75: 9 | BU75: 46 | BV75: 33 | BW75: 44 | BX75: 19 | BY75: 16 | CB75: 47 | CC75: 27 | CD75: 28 | CE75: 35 | CF75: 48 | CG75: 21 | CH75: 19 | CI75: 26 | CK75: =ISNUMBER(D75) -> TRUE
A76: Bwari Local Government Area | B76: Dutse Ward | C76: Dawaki Primary Health Centre | E76: 66.67 | F76: 100 | G76: 100 | H76: 100 | I76: 100 | K76: 66.67 | L76: 88.89 | M76: 100 | N76: 100 | O76: 100 | Q76: 50 | R76: 50 | V76: 800 | X76: 50 | AA76: 100 | AC76: 17 | AD76: 28 | AE76: 23 | AF76: 37 | AG76: 42 | AH76: 43 | AI76: 31 | AJ76: 37 | AK76: 39 | AL76: 31 | AM76: 36 | AO76: 21 | AP76: 35 | AQ76: 45 | AR76: 46 | AS76: 39 | AT76: 43 | AU76: 34 | AV76: 64 | AW76: 46 | AX76: 54 | AY76: 29 | BA76: 16 | BB76: 28 | BC76: 19 | BD76: 37 | BE76: 67 | BF76: 21 | BG76: 20 | BH76: 19 | BI76: 22 | BJ76: 14 | BK76: 21 | BN76: 2 | BO76: 6 | BP76: 43 | BQ76: 9 | BR76: 9 | BS76: 3 | BT76: 7 | BU76: 9 | BV76: 14 | BW76: 4 | CB76: 43 | CE76: 4 | CF76: 3 | CG76: 3 | CI76: 2 | CK76: =ISNUMBER(D76) -> FALSE
A77: Abuja Municipal Area Council | B77: Gui Ward | C77: Defense Headquarters Medical Centre Abuja | F77: 100 | G77: 100 | I77: 100 | L77: 100 | M77: 87.5 | O77: 87.5 | AD77: 31 | AE77: 27 | AG77: 39 | AI77: 26 | AJ77: 24 | AK77: 16 | AM77: 27 | AP77: 21 | AQ77: 30 | AS77: 23 | AU77: 36 | AV77: 23 | AW77: 29 | AY77: 29 | BB77: 26 | BC77: 36 | BE77: 39 | BG77: 27 | BH77: 40 | BI77: 4 | BK77: 14 | BN77: 40 | BO77: 43 | BQ77: 40 | BS77: 62 | BT77: 20 | BU77: 3 | BW77: 18 | BZ77: 51 | CA77: 52 | CC77: 42 | CE77: 38 | CK77: =ISNUMBER(D77) -> FALSE
A78: Bwari Local Government Area | B78: Kubwa Ward | C78: Dei Dei Primary Health Care Center | E78: 100 | F78: 100 | G78: 100 | H78: 112.5 | I78: 100 | J78: 100 | K78: 87.5 | L78: 100 | M78: 100 | N78: 100 | O78: 87.5 | S78: 33.33 | Z78: 100 | AC78: 19 | AD78: 22 | AE78: 69 | AF78: 56 | AG78: 41 | AH78: 53 | AI78: 78 | AJ78: 35 | AK78: 58 | AL78: 60 | AM78: 71 | AO78: 26 | AP78: 14 | AQ78: 60 | AR78: 43 | AS78: 28 | AT78: 53 | AU78: 78 | AV78: 42 | AW78: 40 | AX78: 44 | AY78: 46 | BA78: 64 | BB78: 125 | BC78: 100 | BD78: 118 | BE78: 96 | BF78: 73 | BG78: 86 | BH78: 115 | BI78: 92 | BJ78: 155 | BK78: 98 | BM78: 64 | BN78: 1 | BO78: 9 | BP78: 20 | BQ78: 34 | BR78: 49 | BS78: 31 | BT78: 41 | BU78: 51 | BV78: 41 | BW78: 35 | CC78: 2 | CD78: 1 | CE78: 2 | CF78: 4 | CG78: 9 | CH78: 9 | CI78: 3 | CK78: =ISNUMBER(D78) -> FALSE
A79: Abuja Municipal Area Council | B79: Gwagwa Ward | C79: Dei Dei Primary Health Centre | E79: 100 | F79: 100 | G79: 100 | H79: 104.55 | I79: 100 | J79: 100 | K79: 85.71 | L79: 100 | M79: 100 | N79: 100 | O79: 80.95 | AC79: 91 | AD79: 36 | AE79: 38 | AF79: 54 | AG79: 26 | AH79: 45 | AI79: 26 | AJ79: 28 | AK79: 30 | AL79: 36 | AM79: 44 | AO79: 91 | AP79: 38 | AQ79: 61 | AR79: 48 | AS79: 37 | AT79: 48 | AU79: 43 | AV79: 37 | AW79: 29 | AX79: 43 | AY79: 24 | BA79: 11 | BB79: 2 | BC79: 3 | BD79: 6 | BE79: 9 | BF79: 3 | BG79: 6 | BH79: 2 | BI79: 3 | BJ79: 2 | BK79: 5 | BM79: 7 | BO79: 6 | BP79: 4 | BR79: 2 | BT79: 2 | BU79: 2 | BW79: 1 | BY79: 4 | BZ79: 3 | CK79: =ISNUMBER(D79) -> FALSE
A80: Abuja Municipal Area Council | B80: City Centre Ward | C80: Dia Clinic | AJ80: 13 | AK80: 13 | AL80: 10 | AV80: 12 | AW80: 16 | AX80: 10 | BH80: 5 | BT80: 3 | BV80: 6 | CF80: 1 | CH80: 1 | CK80: =ISNUMBER(D80) -> FALSE
A81: Abuja Municipal Area Council | B81: City Centre Ward | C81: Diff Hospital | E81: 100 | G81: 100 | H81: 100 | I81: 100 | K81: 100 | L81: 100 | M81: 100 | N81: 100 | O81: 100 | AC81: 23 | AE81: 24 | AF81: 20 | AG81: 19 | AH81: 25 | AI81: 31 | AJ81: 26 | AK81: 21 | AL81: 20 | AM81: 21 | AO81: 11 | AQ81: 18 | AR81: 21 | AS81: 17 | AT81: 12 | AU81: 23 | AV81: 25 | AW81: 17 | AX81: 22 | AY81: 14 | BA81: 25 | BC81: 29 | BD81: 28 | BE81: 33 | BF81: 30 | BG81: 30 | BH81: 38 | BI81: 44 | BJ81: 39 | BK81: 37 | BM81: 18 | BO81: 18 | BP81: 12 | BQ81: 15 | BR81: 18 | BS81: 12 | BT81: 15 | BU81: 20 | BV81: 15 | BW81: 18 | BY81: 10 | CA81: 20 | CB81: 19 | CC81: 21 | CD81: 22 | CE81: 19 | CF81: 11 | CG81: 15 | CH81: 21 | CI81: 24 | CK81: =ISNUMBER(D81) -> FALSE
A82: Bwari Local Government Area | B82: Usuma Ward | C82: Diocese of Kubwa, Anglican Hospital | BF82: 4 | BH82: 9 | BI82: 6 | BJ82: 7 | BK82: 8 | BO82: 4 | BP82: 4 | BR82: 2 | BS82: 14 | BT82: 2 | BU82: 3 | BV82: 2 | BW82: 2 | CB82: 3 | CD82: 2 | CE82: 6 | CG82: 2 | CH82: 2 | CI82: 2 | CK82: =ISNUMBER(D82) -> FALSE
A83: Bwari Local Government Area | B83: Dutse Ward | C83: Divine Winners Medical and Maternity Ltd | E83: 100 | H83: 100 | AB83: 12 | AC83: 14 | AD83: 8 | AE83: 5 | AF83: 6 | AG83: 15 | AH83: 11 | AI83: 17 | AJ83: 35 | AK83: 21 | AL83: 18 | AM83: 17 | AN83: 11 | AO83: 14 | AP83: 13 | AQ83: 15 | AR83: 7 | AS83: 1 | AT83: 9 | AU83: 15 | AV83: 27 | AW83: 9 | AX83: 19 | AY83: 15 | AZ83: 16 | BA83: 15 | BB83: 15 | BC83: 7 | BD83: 17 | BE83: 20 | BF83: 33 | BG83: 30 | BH83: 10 | BI83: 19 | BJ83: 25 | BK83: 6 | BL83: 6 | BM83: 5 | BN83: 9 | BO83: 7 | BP83: 7 | BQ83: 6 | BR83: 18 | BS83: 11 | BT83: 31 | BU83: 34 | BV83: 48 | BW83: 29 | BX83: 10 | BY83: 10 | BZ83: 6 | CA83: 6 | CD83: 8 | CE83: 13 | CF83: 8 | CG83: 10 | CH83: 16 | CI83: 18 | CK83: =ISNUMBER(D83) -> FALSE
A84: Abuja Municipal Area Council | B84: Kabusa Ward | C84: Dnakwo Primary Health Clinic | E84: 50 | F84: 100 | G84: 100 | I84: 100 | J84: 80 | K84: 100 | L84: 100 | M84: 100 | N84: 100 | O84: 75 | AC84: 12 | AD84: 21 | AE84: 16 | AF84: 20 | AG84: 21 | AH84: 19 | AI84: 22 | AJ84: 11 | AK84: 13 | AL84: 13 | AM84: 10 | AO84: 10 | AP84: 21 | AQ84: 23 | AR84: 35 | AS84: 23 | AT84: 21 | AU84: 23 | AV84: 24 | AW84: 25 | AX84: 25 | AY84: 11 | BA84: 4 | BB84: 1 | BC84: 5 | BD84: 3 | BE84: 2 | BF84: 6 | BG84: 2 | BH84: 3 | BI84: 1 | BJ84: 3 | BK84: 4 | BU84: 2 | BV84: 2 | BW84: 11 | CK84: =ISNUMBER(D84) -> FALSE
A85: Gwagwalada Local Government Area | B85: Dobi Ward | C85: Dobi Health Care Clinic | E85: 25 | F85: 100 | G85: 100 | H85: 100 | I85: 100 | J85: 100 | K85: 100 | L85: 100 | M85: 100 | N85: 100 | O85: 100 | R85: 100 | W85: 100 | Y85: 50 | Z85: 50 | AA85: 75 | AC85: 61 | AD85: 58 | AE85: 52 | AF85: 51 | AG85: 44 | AH85: 44 | AI85: 32 | AJ85: 54 | AK85: 54 | AL85: 71 | AM85: 85 | AO85: 452 | AP85: 19 | AQ85: 50 | AR85: 40 | AS85: 26 | AT85: 26 | AU85: 20 | AV85: 41 | AW85: 41 | AX85: 50 | AY85: 53 | BA85: 12 | BB85: 25 | BC85: 21 | BD85: 33 | BE85: 20 | BF85: 26 | BG85: 38 | BH85: 26 | BI85: 20 | BJ85: 28 | BK85: 16 | BM85: 5 | BN85: 14 | BO85: 8 | BP85: 8 | BR85: 10 | BS85: 15 | BT85: 13 | BU85: 5 | BV85: 6 | BW85: 3 | BZ85: 1 | CB85: 1 | CC85: 51 | CF85: 1 | CG85: 1 | CH85: 1 | CI85: 1 | CK85: =ISNUMBER(D85) -> FALSE
A86: Abaji Local Government Area | B86: Gawu Ward | C86: Dogonruwa Primary Health Clinic | E86: 50 | G86: 100 | H86: 100 | I86: 100 | J86: 100 | K86: 100 | L86: 100 | N86: 100 | Q86: 50 | S86: 100 | T86: 100 | U86: 100 | V86: 100 | W86: 100 | X86: 100 | Z86: 100 | AC86: 37 | AE86: 88 | AF86: 88 | AG86: 66 | AH86: 23 | AI86: 20 | AJ86: 15 | AK86: 20 | AL86: 47 | AM86: 31 | AO86: 36 | AQ86: 78 | AR86: 80 | AS86: 103 | AT86: 27 | AU86: 23 | AV86: 14 | AW86: 24 | AX86: 50 | AY86: 6 | BA86: 32 | BH86: 18 | BI86: 22 | BJ86: 14 | BK86: 15 | BM86: 4 | BO86: 20 | BP86: 10 | BQ86: 17 | BR86: 8 | BS86: 4 | BT86: 2 | BU86: 1 | BV86: 1 | BW86: 2 | BY86: 3 | CK86: =ISNUMBER(D86) -> FALSE
A87: Abuja Municipal Area Council | B87: Wuse Ward | C87: Dr. Hassan'S Clinic & Diag. Centre | AI87: 3 | AU87: 2 | BF87: 3 | BG87: 14 | BS87: 10 | CE87: 6 | CK87: =ISNUMBER(D87) -> FALSE
A88: Kuje Local Government Area | B88: Kabi Ward | C88: Duda Primary Health Centre | E88: 100 | F88: 100 | G88: 100 | H88: 100 | I88: 100 | J88: 100 | K88: 100 | L88: 100 | M88: 100 | Q88: 100 | R88: 100 | S88: 100 | T88: 100 | U88: 100 | V88: 100 | W88: 100 | X88: 100 | Y88: 100 | AC88: 91 | AD88: 13 | AE88: 21 | AF88: 33 | AG88: 26 | AH88: 23 | AI88: 22 | AJ88: 13 | AK88: 23 | AO88: 35 | AP88: 10 | AQ88: 21 | AR88: 32 | AS88: 26 | AT88: 23 | AU88: 22 | AV88: 13 | AW88: 23 | BA88: 14 | BB88: 4 | BC88: 14 | BD88: 18 | BE88: 10 | BF88: 20 | BG88: 11 | BH88: 7 | BI88: 7 | BM88: 8 | BO88: 3 | BQ88: 5 | BR88: 4 | BS88: 6 | BT88: 4 | BU88: 4 | CC88: 6 | CD88: 3 | CE88: 2 | CG88: 1 | CK88: =ISNUMBER(D88) -> FALSE
A89: Gwagwalada Local Government Area | B89: Ibwa Ward | C89: Dukwa Health Post | E89: 83.33 | F89: 75 | G89: 100 | H89: 100 | I89: 100 | J89: 100 | K89: 75 | L89: 100 | N89: 100 | O89: 75 | Q89: 50 | R89: 75 | S89: 100 | T89: 100 | U89: 100 | V89: 75 | W89: 50 | X89: 75 | Z89: 75 | AA89: 150 | AC89: 42 | AD89: 15 | AE89: 22 | AF89: 25 | AG89: 21 | AH89: 19 | AI89: 18 | AJ89: 21 | AL89: 25 | AM89: 64 | AO89: 39 | AP89: 14 | AQ89: 22 | AR89: 23 | AS89: 21 | AT89: 16 | AU89: 17 | AV89: 18 | AX89: 24 | AY89: 64 | BA89: 10 | BB89: 28 | BC89: 32 | BD89: 18 | BE89: 9 | BF89: 6 | BG89: 19 | BH89: 10 | BJ89: 25 | BK89: 10 | BM89: 10 | BO89: 10 | BP89: 8 | BQ89: 22 | BR89: 11 | BS89: 12 | BT89: 6 | BV89: 14 | BW89: 11 | BY89: 10 | CC89: 1 | CD89: 5 | CE89: 3 | CF89: 2 | CH89: 2 | CI89: 1 | CK89: =ISNUMBER(D89) -> FALSE
A90: Abuja Municipal Area Council | B90: Garki Ward | C90: Durumi II Primary Health Clinic | E90: 55.56 | F90: 100 | H90: 100 | I90: 100 | J90: 100 | K90: 88.89 | L90: 100 | M90: 100 | O90: 100 | AA90: 100 | AC90: 17 | AD90: 27 | AF90: 44 | AG90: 38 | AH90: 36 | AI90: 49 | AJ90: 46 | AK90: 41 | AL90: 33 | AM90: 62 | AO90: 171 | AP90: 33 | AS90: 28 | AT90: 41 | AU90: 65 | AV90: 54 | AW90: 59 | AX90: 31 | AY90: 48 | BA90: 43 | BB90: 58 | BD90: 53 | BE90: 42 | BF90: 35 | BG90: 42 | BH90: 43 | BI90: 68 | BJ90: 59 | BK90: 55 | BM90: 1 | BN90: 1 | BP90: 27 | BQ90: 15 | BR90: 17 | BS90: 16 | BT90: 27 | BU90: 17 | BV90: 32 | BW90: 20 | CB90: 2 | CF90: 2 | CG90: 216 | CH90: 2 | CI90: 1 | CK90: =ISNUMBER(D90) -> FALSE
A91: Bwari Local Government Area | B91: Shere Ward | C91: Durumi Primary Health Clinic | E91: 100 | F91: 100 | G91: 100 | H91: 100 | I91: 100 | J91: 100 | K91: 100 | N91: 100 | O91: 100 | Q91: 300 | AC91: 50 | AD91: 12 | AE91: 12 | AF91: 21 | AG91: 22 | AH91: 17 | AI91: 13 | AJ91: 12 | AK91: 18 | AL91: 14 | AM91: 17 | AO91: 40 | AP91: 13 | AQ91: 19 | AR91: 18 | AS91: 9 | AT91: 26 | AU91: 17 | AV91: 14 | AW91: 15 | AX91: 19 | AY91: 11 | BA91: 25 | BB91: 4 | BC91: 3 | BD91: 7 | BE91: 9 | BF91: 6 | BG91: 10 | BH91: 6 | BI91: 4 | BJ91: 9 | BK91: 2 | BM91: 4 | BN91: 7 | BP91: 3 | BQ91: 2 | BR91: 4 | BS91: 7 | BT91: 2 | BU91: 2 | BV91: 4 | BW91: 2 | CI91: 15 | CK91: =ISNUMBER(D91) -> FALSE
A92: Bwari Local Government Area | B92: Dutse Ward | C92: Dutse Alhaji Primary Health Centre | E92: 88.89 | F92: 83.33 | G92: 70.59 | H92: 93.75 | I92: 93.75 | K92: 93.75 | L92: 77.78 | M92: 89.47 | N92: 82.35 | O92: 87.5 | R92: 133.33 | T92: 66.67 | U92: 66.67 | W92: 100 | Y92: 66.67 | Z92: 100 | AA92: 133.33 | AC92: 50 | AD92: 113 | AE92: 77 | AF92: 103 | AG92: 88 | AH92: 103 | AI92: 86 | AJ92: 56 | AK92: 73 | AL92: 94 | AM92: 128 | AO92: 41 | AP92: 93 | AQ92: 76 | AR92: 79 | AS92: 80 | AT92: 68 | AU92: 107 | AV92: 93 | AW92: 75 | AX92: 71 | AY92: 69 | BA92: 12 | BB92: 32 | BC92: 34 | BD92: 38 | BE92: 27 | BF92: 31 | BG92: 55 | BH92: 41 | BI92: 50 | BJ92: 40 | BK92: 33 | BM92: 11 | BN92: 23 | BO92: 29 | BP92: 16 | BQ92: 10 | BR92: 16 | BS92: 14 | BT92: 6 | BU92: 6 | BV92: 18 | BW92: 15 | CK92: =ISNUMBER(D92) -> FALSE
A93: Bwari Local Government Area | B93: Dutse Ward | C93: Dutse Makaranta Primary Health Centre | E93: 100 | F93: 100 | H93: 100 | I93: 100 | J93: 100 | K93: 91.67 | L93: 91.67 | M93: 100 | N93: 100 | O93: 100 | R93: 100 | T93: 100 | U93: 100 | V93: 100 | W93: 100 | X93: 100 | Y93: 100 | Z93: 50 | AA93: 100 | AC93: 250 | AD93: 109 | AF93: 144 | AG93: 129 | AH93: 143 | AI93: 141 | AJ93: 112 | AK93: 138 | AL93: 147 | AM93: 146 | AO93: 255 | AP93: 112 | AR93: 148 | AS93: 131 | AT93: 147 | AU93: 139 | AV93: 110 | AW93: 141 | AX93: 118 | AY93: 145 | BA93: 46 | BB93: 71 | BD93: 81 | BE93: 66 | BF93: 67 | BG93: 48 | BH93: 78 | BI93: 70 | BJ93: 78 | BK93: 75 | BM93: 12 | BN93: 23 | BP93: 48 | BQ93: 30 | BR93: 35 | BS93: 28 | BT93: 33 | BU93: 35 | BV93: 43 | BW93: 38 | CB93: 3 | CD93: 2 | CE93: 1 | CF93: 7 | CG93: 2 | CH93: 5 | CK93: =ISNUMBER(D93) -> FALSE
A94: Abuja Municipal Area Council | B94: Garki Ward | C94: Dutsen Garki Health Clinic | E94: 62.5 | F94: 100 | G94: 100 | H94: 100 | I94: 100 | J94: 88.89 | L94: 75 | M94: 88.89 | N94: 88.89 | O94: 100 | AC94: 26 | AD94: 34 | AE94: 36 | AF94: 73 | AG94: 60 | AH94: 54 | AI94: 63 | AJ94: 35 | AK94: 34 | AL94: 48 | AM94: 42 | AO94: 22 | AP94: 36 | AQ94: 69 | AR94: 48 | AS94: 38 | AT94: 57 | AU94: 83 | AV94: 38 | AW94: 74 | AX94: 47 | AY94: 34 | BA94: 17 | BB94: 17 | BC94: 24 | BD94: 14 | BE94: 18 | BF94: 16 | BG94: 31 | BH94: 20 | BI94: 17 | BJ94: 22 | BK94: 22 | BM94: 18 | BN94: 13 | BO94: 13 | BP94: 6 | BQ94: 11 | BR94: 11 | BS94: 6 | BT94: 11 | BU94: 10 | BV94: 14 | BW94: 10 | BZ94: 4 | CA94: 1 | CB94: 4 | CC94: 2 | CE94: 1 | CF94: 3 | CG94: 2 | CI94: 3 | CK94: =ISNUMBER(D94) -> FALSE
A95: Abaji Local Government Area | B95: Ebagi Rimba Ward | C95: Ebagi Primary Health Clinic | E95: 50 | F95: 100 | H95: 100 | I95: 100 | J95: 100 | L95: 100 | M95: 75 | N95: 100 | O95: 100 | Q95: 50 | R95: 100 | T95: 100 | U95: 50 | V95: 100 | X95: 100 | Y95: 100 | Z95: 100 | AA95: 100 | AC95: 9 | AD95: 13 | AF95: 15 | AG95: 16 | AH95: 14 | AI95: 9 | AJ95: 7 | AK95: 11 | AL95: 14 | AM95: 11 | AO95: 10 | AP95: 10 | AR95: 17 | AS95: 18 | AT95: 12 | AV95: 9 | AW95: 8 | AX95: 15 | AY95: 13 | BA95: 10 | BB95: 16 | BF95: 4 | BH95: 6 | BI95: 9 | BJ95: 13 | CK95: =ISNUMBER(D95) -> FALSE
A96: Abuja Municipal Area Council | B96: Gwarimpa Ward | C96: EL-Rapha Hospital & Diagnostic Centre | E96: 100 | F96: 100 | G96: 100 | I96: 100 | K96: 100 | L96: 100 | M96: 100 | AC96: 30 | AD96: 40 | AE96: 50 | AF96: 45 | AG96: 20 | AI96: 35 | AJ96: 35 | AK96: 40 | AO96: 30 | AP96: 35 | AQ96: 35 | AR96: 40 | AS96: 30 | AU96: 35 | AV96: 35 | AW96: 35 | BA96: 20 | BB96: 15 | BC96: 20 | BD96: 15 | BE96: 15 | BG96: 30 | BH96: 20 | BI96: 15 | BM96: 20 | BN96: 10 | BO96: 5 | BP96: 5 | BQ96: 10 | BS96: 5 | BT96: 21 | BU96: 10 | BY96: 5 | BZ96: 5 | CA96: 5 | CB96: 5 | CC96: 5 | CE96: 5 | CF96: 4 | CG96: 5 | CK96: =ISNUMBER(D96) -> FALSE
A97: Abuja Municipal Area Council | B97: Jiwa Ward | C97: Ellan Clinic And Maternity (Karmo) | AL97: 11 | AM97: 2 | AX97: 5 | AY97: 7 | BB97: 7 | BC97: 5 | BD97: 7 | BE97: 8 | BF97: 5 | BI97: 6 | BJ97: 6 | BN97: 7 | BO97: 6 | BP97: 8 | BQ97: 4 | BR97: 5 | BU97: 6 | BV97: 1 | BZ97: 6 | CA97: 4 | CB97: 4 | CC97: 5 | CD97: 3 | CG97: 4 | CH97: 4 | CK97: =ISNUMBER(D97) -> FALSE
A98: Kuje Local Government Area | B98: Chibiri Ward | C98: Epitome Hospital and Maternity | BA98: 27 | BC98: 5 | BD98: 2 | BM98: 3 | BP98: 2 | BY98: 24 | CK98: =ISNUMBER(D98) -> FALSE
A99: Abuja Municipal Area Council | B99: Karu Ward | C99: Evangelical Church of West Africa (Ecwa) Medical Center | D99: 100 | E99: 100 | F99: 100 | G99: 100 | H99: 100 | J99: 100 | K99: 100 | L99: 100 | M99: 100 | N99: 100 | O99: 100 | AB99: 47 | AC99: 55 | AD99: 13 | AE99: 18 | AF99: 8 | AG99: 7 | AH99: 12 | AI99: 13 | AJ99: 9 | AK99: 17 | AL99: 21 | AM99: 9 | AN99: 43 | AO99: 32 | AP99: 43 | AQ99: 43 | AR99: 17 | AS99: 11 | AT99: 12 | AU99: 8 | AV99: 18 | AW99: 14 | AX99: 11 | AY99: 18 | AZ99: 24 | BA99: 13 | BB99: 11 | BC99: 17 | BD99: 14 | BE99: 18 | BF99: 17 | BG99: 21 | BH99: 15 | BI99: 24 | BJ99: 14 | BK99: 16 | BL99: 8 | BM99: 11 | BN99: 14 | BO99: 18 | BP99: 7 | BQ99: 3 | BR99: 5 | BS99: 21 | BT99: 9 | BU99: 9 | BV99: 11 | BW99: 19 | BX99: 2 | BY99: 2 | BZ99: 1 | CA99: 3 | CB99: 8 | CC99: 2 | CD99: 3 | CE99: 9 | CF99: 5 | CG99: 5 | CH99: 2 | CI99: 7 | CK99: =ISNUMBER(D99) -> TRUE
A100: Abuja Municipal Area Council | B100: City Centre Ward | C100: Excel Fertility Centre | D100: 100 | M100: 100 | AB100: 10 | AC100: 5 | AD100: 1 | AE100: 2 | AF100: 7 | AG100: 10 | AH100: 1 | AI100: 5 | AJ100: 5 | AK100: 3 | AL100: 7 | AM100: 3 | AN100: 2 | AO100: 3 | AP100: 5 | AQ100: 3 | AR100: 2 | AS100: 2 | AT100: 5 | AU100: 5 | AV100: 4 | AW100: 7 | AX100: 3 | AY100: 6 | AZ100: 9 | BA100: 7 | BB100: 7 | BC100: 6 | BD100: 12 | BE100: 8 | BG100: 13 | BH100: 4 | BI100: 7 | BJ100: 5 | BK100: 4 | BL100: 2 | BM100: 5 | BN100: 3 | BO100: 2 | BP100: 4 | BQ100: 3 | BR100: 6 | BS100: 3 | BT100: 6 | BU100: 4 | BV100: 3 | BW100: 1 | BZ100: 1 | CA100: 4 | CK100: =ISNUMBER(D100) -> TRUE
...

Sheet Data_Quality_Assessment
A1: Area Council | B1: Ward | C1: Facility | D1: Reported Values | E1: Missing Values | F1: Expected Values | G1: Completeness (%) | H1: Completeness Rating | I1: Completeness Score | J1: Duplicate Facility Name | K1: Missing Critical Data | L1: Data Quality Status
A2: =TRIM(SUBSTITUTE(CLEAN(Raw_Data!A2),CHAR(160)," ")) -> Abuja Municipal Area Council | B2: {=TRIM(SUBSTITUTE(CLEAN(Raw_Data!B2),CHAR(160)," "))} -> Gui Ward | C2: {=TRIM(SUBSTITUTE(CLEAN(Raw_Data!C2),CHAR(160)," "))} -> 063 Nigeria Air Force Base Hospital | D2: =COUNTA(Raw_Data!D2:CI2) -> 39 | E2: =F2-D2 -> 45 | F2: =INDEX(tblParameters[Value],MATCH("ExpectedValues",tblParameters[Parameter],0)) -> 84 | G2: =D2/F2 -> 0.46428571 | H2: =LOOKUP(G2,tblIndicatorScore[Min],tblIndicatorScore[Rating]) -> Poor | I2: =LOOKUP(G2,tblIndicatorScore[Min],tblIndicatorScore[Score]) -> 0 | J2: =IF(OR(A2="",B2="",C2=""),"",IF(COUNTIFS($A:$A,A2,$B:$B,B2,$C:$C,C2)>1,"Yes","No")) -> No | K2: =IF(OR(TRIM(A2)="",TRIM(B2)="",TRIM(C2)="",D2<=0,F2<=0),"Yes","No") -> No | L2: =IFERROR( IF(K2="Yes","Incomplete", IF(OR( J2="Yes", G2<INDEX(tblParameters[Value],MATCH("MinimumAcceptCompleteness",tblParameters[Parameter],0)) ), "Review", "Accept")), "Parameter Error") -> Review
A3: =TRIM(SUBSTITUTE(CLEAN(Raw_Data!A3),CHAR(160)," ")) -> Abuja Municipal Area Council | B3: {=TRIM(SUBSTITUTE(CLEAN(Raw_Data!B3),CHAR(160)," "))} -> City Centre Ward | C3: {=TRIM(SUBSTITUTE(CLEAN(Raw_Data!C3),CHAR(160)," "))} -> 7 Guards Battalion Medical Reception Station Abuja | D3: =COUNTA(Raw_Data!D3:CI3) -> 50 | E3: =F3-D3 -> 34 | F3: =INDEX(tblParameters[Value],MATCH("ExpectedValues",tblParameters[Parameter],0)) -> 84 | G3: =D3/F3 -> 0.5952381 | H3: =LOOKUP(G3,tblIndicatorScore[Min],tblIndicatorScore[Rating]) -> Poor | I3: =LOOKUP(G3,tblIndicatorScore[Min],tblIndicatorScore[Score]) -> 0 | J3: =IF(OR(A3="",B3="",C3=""),"",IF(COUNTIFS($A:$A,A3,$B:$B,B3,$C:$C,C3)>1,"Yes","No")) -> No | K3: =IF(OR(TRIM(A3)="",TRIM(B3)="",TRIM(C3)="",D3<=0,F3<=0),"Yes","No") -> No | L3: =IFERROR( IF(K3="Yes","Incomplete", IF(OR( J3="Yes", G3<INDEX(tblParameters[Value],MATCH("MinimumAcceptCompleteness",tblParameters[Parameter],0)) ), "Review", "Accept")), "Parameter Error") -> Review
A4: =TRIM(SUBSTITUTE(CLEAN(Raw_Data!A4),CHAR(160)," ")) -> Abaji Local Government Area | B4: {=TRIM(SUBSTITUTE(CLEAN(Raw_Data!B4),CHAR(160)," "))} -> Central (Abaji) Ward | C4: {=TRIM(SUBSTITUTE(CLEAN(Raw_Data!C4),CHAR(160)," "))} -> Abaji New Township Primary Health Center | D4: =COUNTA(Raw_Data!D4:CI4) -> 65 | E4: =F4-D4 -> 19 | F4: =INDEX(tblParameters[Value],MATCH("ExpectedValues",tblParameters[Parameter],0)) -> 84 | G4: =D4/F4 -> 0.77380952 | H4: =LOOKUP(G4,tblIndicatorScore[Min],tblIndicatorScore[Rating]) -> Poor | I4: =LOOKUP(G4,tblIndicatorScore[Min],tblIndicatorScore[Score]) -> 0 | J4: =IF(OR(A4="",B4="",C4=""),"",IF(COUNTIFS($A:$A,A4,$B:$B,B4,$C:$C,C4)>1,"Yes","No")) -> No | K4: =IF(OR(TRIM(A4)="",TRIM(B4)="",TRIM(C4)="",D4<=0,F4<=0),"Yes","No") -> No | L4: =IFERROR( IF(K4="Yes","Incomplete", IF(OR( J4="Yes", G4<INDEX(tblParameters[Value],MATCH("MinimumAcceptCompleteness",tblParameters[Parameter],0)) ), "Review", "Accept")), "Parameter Error") -> Review
A5: =TRIM(SUBSTITUTE(CLEAN(Raw_Data!A5),CHAR(160)," ")) -> Abaji Local Government Area | B5: {=TRIM(SUBSTITUTE(CLEAN(Raw_Data!B5),CHAR(160)," "))} -> Central (Abaji) Ward | C5: {=TRIM(SUBSTITUTE(CLEAN(Raw_Data!C5),CHAR(160)," "))} -> Abaji Central Primary Health Clinic | D5: =COUNTA(Raw_Data!D5:CI5) -> 43 | E5: =F5-D5 -> 41 | F5: =INDEX(tblParameters[Value],MATCH("ExpectedValues",tblParameters[Parameter],0)) -> 84 | G5: =D5/F5 -> 0.51190476 | H5: =LOOKUP(G5,tblIndicatorScore[Min],tblIndicatorScore[Rating]) -> Poor | I5: =LOOKUP(G5,tblIndicatorScore[Min],tblIndicatorScore[Score]) -> 0 | J5: =IF(OR(A5="",B5="",C5=""),"",IF(COUNTIFS($A:$A,A5,$B:$B,B5,$C:$C,C5)>1,"Yes","No")) -> No | K5: =IF(OR(TRIM(A5)="",TRIM(B5)="",TRIM(C5)="",D5<=0,F5<=0),"Yes","No") -> No | L5: =IFERROR( IF(K5="Yes","Incomplete", IF(OR( J5="Yes", G5<INDEX(tblParameters[Value],MATCH("MinimumAcceptCompleteness",tblParameters[Parameter],0)) ), "Review", "Accept")), "Parameter Error") -> Review
A6: =TRIM(SUBSTITUTE(CLEAN(Raw_Data!A6),CHAR(160)," ")) -> Abaji Local Government Area | B6: {=TRIM(SUBSTITUTE(CLEAN(Raw_Data!B6),CHAR(160)," "))} -> North East Ward | C6: {=TRIM(SUBSTITUTE(CLEAN(Raw_Data!C6),CHAR(160)," "))} -> Abaji General Hospital | D6: =COUNTA(Raw_Data!D6:CI6) -> 57 | E6: =F6-D6 -> 27 | F6: =INDEX(tblParameters[Value],MATCH("ExpectedValues",tblParameters[Parameter],0)) -> 84 | G6: =D6/F6 -> 0.67857143 | H6: =LOOKUP(G6,tblIndicatorScore[Min],tblIndicatorScore[Rating]) -> Poor | I6: =LOOKUP(G6,tblIndicatorScore[Min],tblIndicatorScore[Score]) -> 0 | J6: =IF(OR(A6="",B6="",C6=""),"",IF(COUNTIFS($A:$A,A6,$B:$B,B6,$C:$C,C6)>1,"Yes","No")) -> No | K6: =IF(OR(TRIM(A6)="",TRIM(B6)="",TRIM(C6)="",D6<=0,F6<=0),"Yes","No") -> No | L6: =IFERROR( IF(K6="Yes","Incomplete", IF(OR( J6="Yes", G6<INDEX(tblParameters[Value],MATCH("MinimumAcceptCompleteness",tblParameters[Parameter],0)) ), "Review", "Accept")), "Parameter Error") -> Review
A7: =TRIM(SUBSTITUTE(CLEAN(Raw_Data!A7),CHAR(160)," ")) -> Abaji Local Government Area | B7: {=TRIM(SUBSTITUTE(CLEAN(Raw_Data!B7),CHAR(160)," "))} -> North East Ward | C7: {=TRIM(SUBSTITUTE(CLEAN(Raw_Data!C7),CHAR(160)," "))} -> Abaji Maternal And Child Health Clinic | D7: =COUNTA(Raw_Data!D7:CI7) -> 46 | E7: =F7-D7 -> 38 | F7: =INDEX(tblParameters[Value],MATCH("ExpectedValues",tblParameters[Parameter],0)) -> 84 | G7: =D7/F7 -> 0.54761905 | H7: =LOOKUP(G7,tblIndicatorScore[Min],tblIndicatorScore[Rating]) -> Poor | I7: =LOOKUP(G7,tblIndicatorScore[Min],tblIndicatorScore[Score]) -> 0 | J7: =IF(OR(A7="",B7="",C7=""),"",IF(COUNTIFS($A:$A,A7,$B:$B,B7,$C:$C,C7)>1,"Yes","No")) -> No | K7: =IF(OR(TRIM(A7)="",TRIM(B7)="",TRIM(C7)="",D7<=0,F7<=0),"Yes","No") -> No | L7: =IFERROR( IF(K7="Yes","Incomplete", IF(OR( J7="Yes", G7<INDEX(tblParameters[Value],MATCH("MinimumAcceptCompleteness",tblParameters[Parameter],0)) ), "Review", "Accept")), "Parameter Error") -> Review
A8: =TRIM(SUBSTITUTE(CLEAN(Raw_Data!A8),CHAR(160)," ")) -> Abaji Local Government Area | B8: {=TRIM(SUBSTITUTE(CLEAN(Raw_Data!B8),CHAR(160)," "))} -> Nuku Sabon Gari Ward | C8: {=TRIM(SUBSTITUTE(CLEAN(Raw_Data!C8),CHAR(160)," "))} -> Abattior Primary Health Clinic | D8: =COUNTA(Raw_Data!D8:CI8) -> 65 | E8: =F8-D8 -> 19 | F8: =INDEX(tblParameters[Value],MATCH("ExpectedValues",tblParameters[Parameter],0)) -> 84 | G8: =D8/F8 -> 0.77380952 | H8: =LOOKUP(G8,tblIndicatorScore[Min],tblIndicatorScore[Rating]) -> Poor | I8: =LOOKUP(G8,tblIndicatorScore[Min],tblIndicatorScore[Score]) -> 0 | J8: =IF(OR(A8="",B8="",C8=""),"",IF(COUNTIFS($A:$A,A8,$B:$B,B8,$C:$C,C8)>1,"Yes","No")) -> No | K8: =IF(OR(TRIM(A8)="",TRIM(B8)="",TRIM(C8)="",D8<=0,F8<=0),"Yes","No") -> No | L8: =IFERROR( IF(K8="Yes","Incomplete", IF(OR( J8="Yes", G8<INDEX(tblParameters[Value],MATCH("MinimumAcceptCompleteness",tblParameters[Parameter],0)) ), "Review", "Accept")), "Parameter Error") -> Review
A9: =TRIM(SUBSTITUTE(CLEAN(Raw_Data!A9),CHAR(160)," ")) -> Kwali Local Government Area | B9: {=TRIM(SUBSTITUTE(CLEAN(Raw_Data!B9),CHAR(160)," "))} -> Kwali Ward | C9: {=TRIM(SUBSTITUTE(CLEAN(Raw_Data!C9),CHAR(160)," "))} -> Abu Fatima Maternity Clinic | D9: =COUNTA(Raw_Data!D9:CI9) -> 19 | E9: =F9-D9 -> 65 | F9: =INDEX(tblParameters[Value],MATCH("ExpectedValues",tblParameters[Parameter],0)) -> 84 | G9: =D9/F9 -> 0.22619048 | H9: =LOOKUP(G9,tblIndicatorScore[Min],tblIndicatorScore[Rating]) -> Poor | I9: =LOOKUP(G9,tblIndicatorScore[Min],tblIndicatorScore[Score]) -> 0 | J9: =IF(OR(A9="",B9="",C9=""),"",IF(COUNTIFS($A:$A,A9,$B:$B,B9,$C:$C,C9)>1,"Yes","No")) -> No | K9: =IF(OR(TRIM(A9)="",TRIM(B9)="",TRIM(C9)="",D9<=0,F9<=0),"Yes","No") -> No | L9: =IFERROR( IF(K9="Yes","Incomplete", IF(OR( J9="Yes", G9<INDEX(tblParameters[Value],MATCH("MinimumAcceptCompleteness",tblParameters[Parameter],0)) ), "Review", "Accept")), "Parameter Error") -> Review
A10: =TRIM(SUBSTITUTE(CLEAN(Raw_Data!A10),CHAR(160)," ")) -> Abuja Municipal Area Council | B10: {=TRIM(SUBSTITUTE(CLEAN(Raw_Data!B10),CHAR(160)," "))} -> Garki Ward | C10: {=TRIM(SUBSTITUTE(CLEAN(Raw_Data!C10),CHAR(160)," "))} -> Abuja Clinic | D10: =COUNTA(Raw_Data!D10:CI10) -> 5 | E10: =F10-D10 -> 79 | F10: =INDEX(tblParameters[Value],MATCH("ExpectedValues",tblParameters[Parameter],0)) -> 84 | G10: =D10/F10 -> 0.05952381 | H10: =LOOKUP(G10,tblIndicatorScore[Min],tblIndicatorScore[Rating]) -> Poor | I10: =LOOKUP(G10,tblIndicatorScore[Min],tblIndicatorScore[Score]) -> 0 | J10: =IF(OR(A10="",B10="",C10=""),"",IF(COUNTIFS($A:$A,A10,$B:$B,B10,$C:$C,C10)>1,"Yes","No")) -> No | K10: =IF(OR(TRIM(A10)="",TRIM(B10)="",TRIM(C10)="",D10<=0,F10<=0),"Yes","No") -> No | L10: =IFERROR( IF(K10="Yes","Incomplete", IF(OR( J10="Yes", G10<INDEX(tblParameters[Value],MATCH("MinimumAcceptCompleteness",tblParameters[Parameter],0)) ), "Review", "Accept")), "Parameter Error") -> Review
A11: =TRIM(SUBSTITUTE(CLEAN(Raw_Data!A11),CHAR(160)," ")) -> Abuja Municipal Area Council | B11: {=TRIM(SUBSTITUTE(CLEAN(Raw_Data!B11),CHAR(160)," "))} -> Wuse Ward | C11: {=TRIM(SUBSTITUTE(CLEAN(Raw_Data!C11),CHAR(160)," "))} -> Abuja Clinics, Maitama | D11: =COUNTA(Raw_Data!D11:CI11) -> 16 | E11: =F11-D11 -> 68 | F11: =INDEX(tblParameters[Value],MATCH("ExpectedValues",tblParameters[Parameter],0)) -> 84 | G11: =D11/F11 -> 0.19047619 | H11: =LOOKUP(G11,tblIndicatorScore[Min],tblIndicatorScore[Rating]) -> Poor | I11: =LOOKUP(G11,tblIndicatorScore[Min],tblIndicatorScore[Score]) -> 0 | J11: =IF(OR(A11="",B11="",C11=""),"",IF(COUNTIFS($A:$A,A11,$B:$B,B11,$C:$C,C11)>1,"Yes","No")) -> No | K11: =IF(OR(TRIM(A11)="",TRIM(B11)="",TRIM(C11)="",D11<=0,F11<=0),"Yes","No") -> No | L11: =IFERROR( IF(K11="Yes","Incomplete", IF(OR( J11="Yes", G11<INDEX(tblParameters[Value],MATCH("MinimumAcceptCompleteness",tblParameters[Parameter],0)) ), "Review", "Accept")), "Parameter Error") -> Review
A12: =TRIM(SUBSTITUTE(CLEAN(Raw_Data!A12),CHAR(160)," ")) -> Abuja Municipal Area Council | B12: {=TRIM(SUBSTITUTE(CLEAN(Raw_Data!B12),CHAR(160)," "))} -> City Centre Ward | C12: {=TRIM(SUBSTITUTE(CLEAN(Raw_Data!C12),CHAR(160)," "))} -> Abuja Police Hospital | D12: =COUNTA(Raw_Data!D12:CI12) -> 13 | E12: =F12-D12 -> 71 | F12: =INDEX(tblParameters[Value],MATCH("ExpectedValues",tblParameters[Parameter],0)) -> 84 | G12: =D12/F12 -> 0.1547619 | H12: =LOOKUP(G12,tblIndicatorScore[Min],tblIndicatorScore[Rating]) -> Poor | I12: =LOOKUP(G12,tblIndicatorScore[Min],tblIndicatorScore[Score]) -> 0 | J12: =IF(OR(A12="",B12="",C12=""),"",IF(COUNTIFS($A:$A,A12,$B:$B,B12,$C:$C,C12)>1,"Yes","No")) -> No | K12: =IF(OR(TRIM(A12)="",TRIM(B12)="",TRIM(C12)="",D12<=0,F12<=0),"Yes","No") -> No | L12: =IFERROR( IF(K12="Yes","Incomplete", IF(OR( J12="Yes", G12<INDEX(tblParameters[Value],MATCH("MinimumAcceptCompleteness",tblParameters[Parameter],0)) ), "Review", "Accept")), "Parameter Error") -> Review
A13: =TRIM(SUBSTITUTE(CLEAN(Raw_Data!A13),CHAR(160)," ")) -> Kuje Local Government Area | B13: {=TRIM(SUBSTITUTE(CLEAN(Raw_Data!B13),CHAR(160)," "))} -> Kabi Ward | C13: {=TRIM(SUBSTITUTE(CLEAN(Raw_Data!C13),CHAR(160)," "))} -> Achimbi Primary Health Centre | D13: =COUNTA(Raw_Data!D13:CI13) -> 64 | E13: =F13-D13 -> 20 | F13: =INDEX(tblParameters[Value],MATCH("ExpectedValues",tblParameters[Parameter],0)) -> 84 | G13: =D13/F13 -> 0.76190476 | H13: =LOOKUP(G13,tblIndicatorScore[Min],tblIndicatorScore[Rating]) -> Poor | I13: =LOOKUP(G13,tblIndicatorScore[Min],tblIndicatorScore[Score]) -> 0 | J13: =IF(OR(A13="",B13="",C13=""),"",IF(COUNTIFS($A:$A,A13,$B:$B,B13,$C:$C,C13)>1,"Yes","No")) -> No | K13: =IF(OR(TRIM(A13)="",TRIM(B13)="",TRIM(C13)="",D13<=0,F13<=0),"Yes","No") -> No | L13: =IFERROR( IF(K13="Yes","Incomplete", IF(OR( J13="Yes", G13<INDEX(tblParameters[Value],MATCH("MinimumAcceptCompleteness",tblParameters[Parameter],0)) ), "Review", "Accept")), "Parameter Error") -> Review
... A398: =TRIM(SUBSTITUTE(CLEAN(Raw_Data!A398),CHAR(160)," ")) -> Gwagwalada Local Government Area | B398: {=TRIM(SUBSTITUTE(CLEAN(Raw_Data!B398),CHAR(160)," "))} -> Zuba Ward | C398: {=TRIM(SUBSTITUTE(CLEAN(Raw_Data!C398),CHAR(160)," "))} -> Zuba Primary Health Center | D398: =COUNTA(Raw_Data!D398:CI398) -> 62 | E398: =F398-D398 -> 22 | F398: =INDEX(tblParameters[Value],MATCH("ExpectedValues",tblParameters[Parameter],0)) -> 84 | G398: =D398/F398 -> 0.73809524 | H398: =LOOKUP(G398,tblIndicatorScore[Min],tblIndicatorScore[Rating]) -> Poor | I398: =LOOKUP(G398,tblIndicatorScore[Min],tblIndicatorScore[Score]) -> 0 | J398: =IF(OR(A398="",B398="",C398=""),"",IF(COUNTIFS($A:$A,A398,$B:$B,B398,$C:$C,C398)>1,"Yes","No")) -> No | K398: =IF(OR(TRIM(A398)="",TRIM(B398)="",TRIM(C398)="",D398<=0,F398<=0),"Yes","No") -> No | L398: =IFERROR( IF(K398="Yes","Incomplete", IF(OR( J398="Yes", G398<INDEX(tblParameters[Value],MATCH("MinimumAcceptCompleteness",tblParameters[Parameter],0)) ), "Review", "Accept")), "Parameter Error") -> Review

Sheet Derived_Indicators
A1: Area Council | B1: Ward | C1: Facility | D1: Avg Fixed Session (%) | E1: Avg Outreach Session (%) | F1: Total Penta1 | G1: Total Penta3 | H1: Total ANC1 | I1: Total ANC4 | J1: Total ANC8 | K1: Penta Completion (%) | L1: Penta Dropout (%) | M1: ANC4 Completion (%) | N1: ANC8 Completion (%) | O1: Penta Validity Status | P1: ANC Validity Status | Q1: Overall Validation Status
A2: =IF(Raw_Data!A2="","",TRIM(SUBSTITUTE(CLEAN(Raw_Data!A2),CHAR(160)," "))) -> Abuja Municipal Area Council | B2: =IF(Raw_Data!B2="","",TRIM(SUBSTITUTE(CLEAN(Raw_Data!B2),CHAR(160)," "))) -> Gui Ward | C2: =IF(Raw_Data!C2="","",TRIM(SUBSTITUTE(CLEAN(Raw_Data!C2),CHAR(160)," "))) -> 063 Nigeria Air Force Base Hospital | D2: =IFERROR(IF(COUNT(Raw_Data!D2:O2)=0,"",AVERAGE(Raw_Data!D2:O2)/100),"") -> 1 | E2: =IFERROR(IF(COUNT(Raw_Data!P2:AA2)=0,"",AVERAGE(Raw_Data!P2:AA2)/100),"") -> 0.9375 | F2: =IFERROR(IF(COUNT(Raw_Data!AB2:AM2)=0,"",SUM(Raw_Data!AB2:AM2)),"") -> 434 | G2: =IFERROR(IF(COUNT(Raw_Data!AN2:AY2)=0,"",SUM(Raw_Data!AN2:AY2)),"") -> 400 | H2: =IFERROR(IF(COUNT(Raw_Data!AZ2:BK2)=0,"",SUM(Raw_Data!AZ2:BK2)),"") -> 1116 | I2: =IFERROR(IF(COUNT(Raw_Data!BL2:BW2)=0,"",SUM(Raw_Data!BL2:BW2)),"") -> 348 | J2: =IFERROR(IF(COUNT(Raw_Data!BX2:CI2)=0,"",SUM(Raw_Data!BX2:CI2)),"") -> 149 | K2: =IFERROR(IF(OR(F2="",G2="",F2<=0),"",G2/F2),"") -> 0.92165899 | L2: =IFERROR(IF(OR(F2="",G2="",F2<=0),"",(F2-G2)/F2),"") -> 0.078341014 | M2: =IFERROR(IF(OR(H2="",I2="",H2<=0),"",I2/H2),"") -> 0.31182796 | N2: =IFERROR(IF(OR(H2="",J2="",H2<=0),"",J2/H2),"") -> 0.13351254 | O2: =IFERROR(IF(AND(F2="",G2=""),"No Data",IF(OR(F2="",G2="",F2<=0),"Incomplete",IF(OR(G2>F2,K2<0,K2>1,L2<0,L2>1),"Invalid","Valid"))),"Invalid") -> Valid | P2: =IFERROR(IF(AND(H2="",I2="",J2=""),"No Data",IF(OR(H2="",I2="",J2="",H2<=0),"Incomplete",IF(OR(I2>H2,J2>H2,J2>I2,M2<0,M2>1,N2<0,N2>1),"Invalid","Valid"))),"Invalid") -> Valid | Q2: =IF(OR(O2="No Data",P2="No Data"),"No Data",IF(OR(O2="Incomplete",P2="Incomplete"),"Incomplete",IF(OR(O2="Invalid",P2="Invalid"),"Invalid","Valid"))) -> Valid
A3: =IF(Raw_Data!A3="","",TRIM(SUBSTITUTE(CLEAN(Raw_Data!A3),CHAR(160)," "))) -> Abuja Municipal Area Council | B3: =IF(Raw_Data!B3="","",TRIM(SUBSTITUTE(CLEAN(Raw_Data!B3),CHAR(160)," "))) -> City Centre Ward | C3: =IF(Raw_Data!C3="","",TRIM(SUBSTITUTE(CLEAN(Raw_Data!C3),CHAR(160)," "))) -> 7 Guards Battalion Medical Reception Station Abuja | D3: =IFERROR(IF(COUNT(Raw_Data!D3:O3)=0,"",AVERAGE(Raw_Data!D3:O3)/100),"") -> 0.975 | E3: =IFERROR(IF(COUNT(Raw_Data!P3:AA3)=0,"",AVERAGE(Raw_Data!P3:AA3)/100),"") -> 1 | F3: =IFERROR(IF(COUNT(Raw_Data!AB3:AM3)=0,"",SUM(Raw_Data!AB3:AM3)),"") -> 105 | G3: =IFERROR(IF(COUNT(Raw_Data!AN3:AY3)=0,"",SUM(Raw_Data!AN3:AY3)),"") -> 123 | H3: =IFERROR(IF(COUNT(Raw_Data!AZ3:BK3)=0,"",SUM(Raw_Data!AZ3:BK3)),"") -> 112 | I3: =IFERROR(IF(COUNT(Raw_Data!BL3:BW3)=0,"",SUM(Raw_Data!BL3:BW3)),"") -> 45 | J3: =IFERROR(IF(COUNT(Raw_Data!BX3:CI3)=0,"",SUM(Raw_Data!BX3:CI3)),"") -> 7 | K3: =IFERROR(IF(OR(F3="",G3="",F3<=0),"",G3/F3),"") -> 1.1714286 | L3: =IFERROR(IF(OR(F3="",G3="",F3<=0),"",(F3-G3)/F3),"") -> -0.17142857 | M3: =IFERROR(IF(OR(H3="",I3="",H3<=0),"",I3/H3),"") -> 0.40178571 | N3: =IFERROR(IF(OR(H3="",J3="",H3<=0),"",J3/H3),"") -> 0.0625 | O3: =IFERROR(IF(AND(F3="",G3=""),"No Data",IF(OR(F3="",G3="",F3<=0),"Incomplete",IF(OR(G3>F3,K3<0,K3>1,L3<0,L3>1),"Invalid","Valid"))),"Invalid") -> Invalid | P3: =IFERROR(IF(AND(H3="",I3="",J3=""),"No Data",IF(OR(H3="",I3="",J3="",H3<=0),"Incomplete",IF(OR(I3>H3,J3>H3,J3>I3,M3<0,M3>1,N3<0,N3>1),"Invalid","Valid"))),"Invalid") -> Valid | Q3: =IF(OR(O3="No Data",P3="No Data"),"No Data",IF(OR(O3="Incomplete",P3="Incomplete"),"Incomplete",IF(OR(O3="Invalid",P3="Invalid"),"Invalid","Valid"))) -> Invalid
A4: =IF(Raw_Data!A4="","",TRIM(SUBSTITUTE(CLEAN(Raw_Data!A4),CHAR(160)," "))) -> Abaji Local Government Area | B4: =IF(Raw_Data!B4="","",TRIM(SUBSTITUTE(CLEAN(Raw_Data!B4),CHAR(160)," "))) -> Central (Abaji) Ward | C4: =IF(Raw_Data!C4="","",TRIM(SUBSTITUTE(CLEAN(Raw_Data!C4),CHAR(160)," "))) -> Abaji New Township Primary Health Center | D4: =IFERROR(IF(COUNT(Raw_Data!D4:O4)=0,"",AVERAGE(Raw_Data!D4:O4)/100),"") -> 1.2272727 | E4: =IFERROR(IF(COUNT(Raw_Data!P4:AA4)=0,"",AVERAGE(Raw_Data!P4:AA4)/100),"") -> 1.25 | F4: =IFERROR(IF(COUNT(Raw_Data!AB4:AM4)=0,"",SUM(Raw_Data!AB4:AM4)),"") -> 189 | G4: =IFERROR(IF(COUNT(Raw_Data!AN4:AY4)=0,"",SUM(Raw_Data!AN4:AY4)),"") -> 182 | H4: =IFERROR(IF(COUNT(Raw_Data!AZ4:BK4)=0,"",SUM(Raw_Data!AZ4:BK4)),"") -> 338 | I4: =IFERROR(IF(COUNT(Raw_Data!BL4:BW4)=0,"",SUM(Raw_Data!BL4:BW4)),"") -> 190 | J4: =IFERROR(IF(COUNT(Raw_Data!BX4:CI4)=0,"",SUM(Raw_Data!BX4:CI4)),"") -> 2 | K4: =IFERROR(IF(OR(F4="",G4="",F4<=0),"",G4/F4),"") -> 0.96296296 | L4: =IFERROR(IF(OR(F4="",G4="",F4<=0),"",(F4-G4)/F4),"") -> 0.037037037 | M4: =IFERROR(IF(OR(H4="",I4="",H4<=0),"",I4/H4),"") -> 0.56213018 | N4: =IFERROR(IF(OR(H4="",J4="",H4<=0),"",J4/H4),"") -> 0.0059171598 | O4: =IFERROR(IF(AND(F4="",G4=""),"No Data",IF(OR(F4="",G4="",F4<=0),"Incomplete",IF(OR(G4>F4,K4<0,K4>1,L4<0,L4>1),"Invalid","Valid"))),"Invalid") -> Valid | P4: =IFERROR(IF(AND(H4="",I4="",J4=""),"No Data",IF(OR(H4="",I4="",J4="",H4<=0),"Incomplete",IF(OR(I4>H4,J4>H4,J4>I4,M4<0,M4>1,N4<0,N4>1),"Invalid","Valid"))),"Invalid") -> Valid | Q4: =IF(OR(O4="No Data",P4="No Data"),"No Data",IF(OR(O4="Incomplete",P4="Incomplete"),"Incomplete",IF(OR(O4="Invalid",P4="Invalid"),"Invalid","Valid"))) -> Valid
A5: =IF(Raw_Data!A5="","",TRIM(SUBSTITUTE(CLEAN(Raw_Data!A5),CHAR(160)," "))) -> Abaji Local Government Area | B5: =IF(Raw_Data!B5="","",TRIM(SUBSTITUTE(CLEAN(Raw_Data!B5),CHAR(160)," "))) -> Central (Abaji) Ward | C5: =IF(Raw_Data!C5="","",TRIM(SUBSTITUTE(CLEAN(Raw_Data!C5),CHAR(160)," "))) -> Abaji Central Primary Health Clinic | D5: =IFERROR(IF(COUNT(Raw_Data!D5:O5)=0,"",AVERAGE(Raw_Data!D5:O5)/100),"") -> 0.94545455 | E5: =IFERROR(IF(COUNT(Raw_Data!P5:AA5)=0,"",AVERAGE(Raw_Data!P5:AA5)/100),"") | F5: =IFERROR(IF(COUNT(Raw_Data!AB5:AM5)=0,"",SUM(Raw_Data!AB5:AM5)),"") -> 75 | G5: =IFERROR(IF(COUNT(Raw_Data!AN5:AY5)=0,"",SUM(Raw_Data!AN5:AY5)),"") -> 83 | H5: =IFERROR(IF(COUNT(Raw_Data!AZ5:BK5)=0,"",SUM(Raw_Data!AZ5:BK5)),"") -> 57 | I5: =IFERROR(IF(COUNT(Raw_Data!BL5:BW5)=0,"",SUM(Raw_Data!BL5:BW5)),"") -> 2 | J5: =IFERROR(IF(COUNT(Raw_Data!BX5:CI5)=0,"",SUM(Raw_Data!BX5:CI5)),"") | K5: =IFERROR(IF(OR(F5="",G5="",F5<=0),"",G5/F5),"") -> 1.1066667 | L5: =IFERROR(IF(OR(F5="",G5="",F5<=0),"",(F5-G5)/F5),"") -> -0.10666667 | M5: =IFERROR(IF(OR(H5="",I5="",H5<=0),"",I5/H5),"") -> 0.035087719 | N5: =IFERROR(IF(OR(H5="",J5="",H5<=0),"",J5/H5),"") | O5: =IFERROR(IF(AND(F5="",G5=""),"No Data",IF(OR(F5="",G5="",F5<=0),"Incomplete",IF(OR(G5>F5,K5<0,K5>1,L5<0,L5>1),"Invalid","Valid"))),"Invalid") -> Invalid | P5: =IFERROR(IF(AND(H5="",I5="",J5=""),"No Data",IF(OR(H5="",I5="",J5="",H5<=0),"Incomplete",IF(OR(I5>H5,J5>H5,J5>I5,M5<0,M5>1,N5<0,N5>1),"Invalid","Valid"))),"Invalid") -> Incomplete | Q5: =IF(OR(O5="No Data",P5="No Data"),"No Data",IF(OR(O5="Incomplete",P5="Incomplete"),"Incomplete",IF(OR(O5="Invalid",P5="Invalid"),"Invalid","Valid"))) -> Incomplete
A6: =IF(Raw_Data!A6="","",TRIM(SUBSTITUTE(CLEAN(Raw_Data!A6),CHAR(160)," "))) -> Abaji Local Government Area | B6: =IF(Raw_Data!B6="","",TRIM(SUBSTITUTE(CLEAN(Raw_Data!B6),CHAR(160)," "))) -> North East Ward | C6: =IF(Raw_Data!C6="","",TRIM(SUBSTITUTE(CLEAN(Raw_Data!C6),CHAR(160)," "))) -> Abaji General Hospital | D6: =IFERROR(IF(COUNT(Raw_Data!D6:O6)=0,"",AVERAGE(Raw_Data!D6:O6)/100),"") -> 0.97334 | E6: =IFERROR(IF(COUNT(Raw_Data!P6:AA6)=0,"",AVERAGE(Raw_Data!P6:AA6)/100),"") -> 0.3333 | F6: =IFERROR(IF(COUNT(Raw_Data!AB6:AM6)=0,"",SUM(Raw_Data!AB6:AM6)),"") -> 818 | G6: =IFERROR(IF(COUNT(Raw_Data!AN6:AY6)=0,"",SUM(Raw_Data!AN6:AY6)),"") -> 740 | H6: =IFERROR(IF(COUNT(Raw_Data!AZ6:BK6)=0,"",SUM(Raw_Data!AZ6:BK6)),"") -> 775 | I6: =IFERROR(IF(COUNT(Raw_Data!BL6:BW6)=0,"",SUM(Raw_Data!BL6:BW6)),"") -> 453 | J6: =IFERROR(IF(COUNT(Raw_Data!BX6:CI6)=0,"",SUM(Raw_Data!BX6:CI6)),"") -> 132 | K6: =IFERROR(IF(OR(F6="",G6="",F6<=0),"",G6/F6),"") -> 0.90464548 | L6: =IFERROR(IF(OR(F6="",G6="",F6<=0),"",(F6-G6)/F6),"") -> 0.095354523 | M6: =IFERROR(IF(OR(H6="",I6="",H6<=0),"",I6/H6),"") -> 0.58451613 | N6: =IFERROR(IF(OR(H6="",J6="",H6<=0),"",J6/H6),"") -> 0.17032258 | O6: =IFERROR(IF(AND(F6="",G6=""),"No Data",IF(OR(F6="",G6="",F6<=0),"Incomplete",IF(OR(G6>F6,K6<0,K6>1,L6<0,L6>1),"Invalid","Valid"))),"Invalid") -> Valid | P6: =IFERROR(IF(AND(H6="",I6="",J6=""),"No Data",IF(OR(H6="",I6="",J6="",H6<=0),"Incomplete",IF(OR(I6>H6,J6>H6,J6>I6,M6<0,M6>1,N6<0,N6>1),"Invalid","Valid"))),"Invalid") -> Valid | Q6: =IF(OR(O6="No Data",P6="No Data"),"No Data",IF(OR(O6="Incomplete",P6="Incomplete"),"Incomplete",IF(OR(O6="Invalid",P6="Invalid"),"Invalid","Valid"))) -> Valid
A7: =IF(Raw_Data!A7="","",TRIM(SUBSTITUTE(CLEAN(Raw_Data!A7),CHAR(160)," "))) -> Abaji Local Government Area | B7: =IF(Raw_Data!B7="","",TRIM(SUBSTITUTE(CLEAN(Raw_Data!B7),CHAR(160)," "))) -> North East Ward | C7: =IF(Raw_Data!C7="","",TRIM(SUBSTITUTE(CLEAN(Raw_Data!C7),CHAR(160)," "))) -> Abaji Maternal And Child Health Clinic | D7: =IFERROR(IF(COUNT(Raw_Data!D7:O7)=0,"",AVERAGE(Raw_Data!D7:O7)/100),"") -> 0.92272727 | E7: =IFERROR(IF(COUNT(Raw_Data!P7:AA7)=0,"",AVERAGE(Raw_Data!P7:AA7)/100),"") | F7: =IFERROR(IF(COUNT(Raw_Data!AB7:AM7)=0,"",SUM(Raw_Data!AB7:AM7)),"") -> 161 | G7: =IFERROR(IF(COUNT(Raw_Data!AN7:AY7)=0,"",SUM(Raw_Data!AN7:AY7)),"") -> 171 | H7: =IFERROR(IF(COUNT(Raw_Data!AZ7:BK7)=0,"",SUM(Raw_Data!AZ7:BK7)),"") -> 28 | I7: =IFERROR(IF(COUNT(Raw_Data!BL7:BW7)=0,"",SUM(Raw_Data!BL7:BW7)),"") -> 4 | J7: =IFERROR(IF(COUNT(Raw_Data!BX7:CI7)=0,"",SUM(Raw_Data!BX7:CI7)),"") -> 9 | K7: =IFERROR(IF(OR(F7="",G7="",F7<=0),"",G7/F7),"") -> 1.0621118 | L7: =IFERROR(IF(OR(F7="",G7="",F7<=0),"",(F7-G7)/F7),"") -> -0.062111801 | M7: =IFERROR(IF(OR(H7="",I7="",H7<=0),"",I7/H7),"") -> 0.14285714 | N7: =IFERROR(IF(OR(H7="",J7="",H7<=0),"",J7/H7),"") -> 0.32142857 | O7: =IFERROR(IF(AND(F7="",G7=""),"No Data",IF(OR(F7="",G7="",F7<=0),"Incomplete",IF(OR(G7>F7,K7<0,K7>1,L7<0,L7>1),"Invalid","Valid"))),"Invalid") -> Invalid | P7: =IFERROR(IF(AND(H7="",I7="",J7=""),"No Data",IF(OR(H7="",I7="",J7="",H7<=0),"Incomplete",IF(OR(I7>H7,J7>H7,J7>I7,M7<0,M7>1,N7<0,N7>1),"Invalid","Valid"))),"Invalid") -> Invalid | Q7: =IF(OR(O7="No Data",P7="No Data"),"No Data",IF(OR(O7="Incomplete",P7="Incomplete"),"Incomplete",IF(OR(O7="Invalid",P7="Invalid"),"Invalid","Valid"))) -> Invalid
A8: =IF(Raw_Data!A8="","",TRIM(SUBSTITUTE(CLEAN(Raw_Data!A8),CHAR(160)," "))) -> Abaji Local Government Area | B8: =IF(Raw_Data!B8="","",TRIM(SUBSTITUTE(CLEAN(Raw_Data!B8),CHAR(160)," "))) -> Nuku Sabon Gari Ward | C8: =IF(Raw_Data!C8="","",TRIM(SUBSTITUTE(CLEAN(Raw_Data!C8),CHAR(160)," "))) -> Abattior Primary Health Clinic | D8: =IFERROR(IF(COUNT(Raw_Data!D8:O8)=0,"",AVERAGE(Raw_Data!D8:O8)/100),"") -> 0.97727273 | E8: =IFERROR(IF(COUNT(Raw_Data!P8:AA8)=0,"",AVERAGE(Raw_Data!P8:AA8)/100),"") -> 0.83333333 | F8: =IFERROR(IF(COUNT(Raw_Data!AB8:AM8)=0,"",SUM(Raw_Data!AB8:AM8)),"") -> 207 | G8: =IFERROR(IF(COUNT(Raw_Data!AN8:AY8)=0,"",SUM(Raw_Data!AN8:AY8)),"") -> 173 | H8: =IFERROR(IF(COUNT(Raw_Data!AZ8:BK8)=0,"",SUM(Raw_Data!AZ8:BK8)),"") -> 121 | I8: =IFERROR(IF(COUNT(Raw_Data!BL8:BW8)=0,"",SUM(Raw_Data!BL8:BW8)),"") -> 24 | J8: =IFERROR(IF(COUNT(Raw_Data!BX8:CI8)=0,"",SUM(Raw_Data!BX8:CI8)),"") -> 3 | K8: =IFERROR(IF(OR(F8="",G8="",F8<=0),"",G8/F8),"") -> 0.83574879 | L8: =IFERROR(IF(OR(F8="",G8="",F8<=0),"",(F8-G8)/F8),"") -> 0.16425121 | M8: =IFERROR(IF(OR(H8="",I8="",H8<=0),"",I8/H8),"") -> 0.19834711 | N8: =IFERROR(IF(OR(H8="",J8="",H8<=0),"",J8/H8),"") -> 0.024793388 | O8: =IFERROR(IF(AND(F8="",G8=""),"No Data",IF(OR(F8="",G8="",F8<=0),"Incomplete",IF(OR(G8>F8,K8<0,K8>1,L8<0,L8>1),"Invalid","Valid"))),"Invalid") -> Valid | P8: =IFERROR(IF(AND(H8="",I8="",J8=""),"No Data",IF(OR(H8="",I8="",J8="",H8<=0),"Incomplete",IF(OR(I8>H8,J8>H8,J8>I8,M8<0,M8>1,N8<0,N8>1),"Invalid","Valid"))),"Invalid") -> Valid | Q8: =IF(OR(O8="No Data",P8="No Data"),"No Data",IF(OR(O8="Incomplete",P8="Incomplete"),"Incomplete",IF(OR(O8="Invalid",P8="Invalid"),"Invalid","Valid"))) -> Valid
A9: =IF(Raw_Data!A9="","",TRIM(SUBSTITUTE(CLEAN(Raw_Data!A9),CHAR(160)," "))) -> Kwali Local Government Area | B9: =IF(Raw_Data!B9="","",TRIM(SUBSTITUTE(CLEAN(Raw_Data!B9),CHAR(160)," "))) -> Kwali Ward | C9: =IF(Raw_Data!C9="","",TRIM(SUBSTITUTE(CLEAN(Raw_Data!C9),CHAR(160)," "))) -> Abu Fatima Maternity Clinic | D9: =IFERROR(IF(COUNT(Raw_Data!D9:O9)=0,"",AVERAGE(Raw_Data!D9:O9)/100),"") | E9: =IFERROR(IF(COUNT(Raw_Data!P9:AA9)=0,"",AVERAGE(Raw_Data!P9:AA9)/100),"") | F9: =IFERROR(IF(COUNT(Raw_Data!AB9:AM9)=0,"",SUM(Raw_Data!AB9:AM9)),"") | G9: =IFERROR(IF(COUNT(Raw_Data!AN9:AY9)=0,"",SUM(Raw_Data!AN9:AY9)),"") | H9: =IFERROR(IF(COUNT(Raw_Data!AZ9:BK9)=0,"",SUM(Raw_Data!AZ9:BK9)),"") -> 49 | I9: =IFERROR(IF(COUNT(Raw_Data!BL9:BW9)=0,"",SUM(Raw_Data!BL9:BW9)),"") -> 53 | J9: =IFERROR(IF(COUNT(Raw_Data!BX9:CI9)=0,"",SUM(Raw_Data!BX9:CI9)),"") -> 52 | K9: =IFERROR(IF(OR(F9="",G9="",F9<=0),"",G9/F9),"") | L9: =IFERROR(IF(OR(F9="",G9="",F9<=0),"",(F9-G9)/F9),"") | M9: =IFERROR(IF(OR(H9="",I9="",H9<=0),"",I9/H9),"") -> 1.0816327 | N9: =IFERROR(IF(OR(H9="",J9="",H9<=0),"",J9/H9),"") -> 1.0612245 | O9: =IFERROR(IF(AND(F9="",G9=""),"No Data",IF(OR(F9="",G9="",F9<=0),"Incomplete",IF(OR(G9>F9,K9<0,K9>1,L9<0,L9>1),"Invalid","Valid"))),"Invalid") -> No Data | P9: =IFERROR(IF(AND(H9="",I9="",J9=""),"No Data",IF(OR(H9="",I9="",J9="",H9<=0),"Incomplete",IF(OR(I9>H9,J9>H9,J9>I9,M9<0,M9>1,N9<0,N9>1),"Invalid","Valid"))),"Invalid") -> Invalid | Q9: =IF(OR(O9="No Data",P9="No Data"),"No Data",IF(OR(O9="Incomplete",P9="Incomplete"),"Incomplete",IF(OR(O9="Invalid",P9="Invalid"),"Invalid","Valid"))) -> No Data
A10: =IF(Raw_Data!A10="","",TRIM(SUBSTITUTE(CLEAN(Raw_Data!A10),CHAR(160)," "))) -> Abuja Municipal Area Council | B10: =IF(Raw_Data!B10="","",TRIM(SUBSTITUTE(CLEAN(Raw_Data!B10),CHAR(160)," "))) -> Garki Ward | C10: =IF(Raw_Data!C10="","",TRIM(SUBSTITUTE(CLEAN(Raw_Data!C10),CHAR(160)," "))) -> Abuja Clinic | D10: =IFERROR(IF(COUNT(Raw_Data!D10:O10)=0,"",AVERAGE(Raw_Data!D10:O10)/100),"") | E10: =IFERROR(IF(COUNT(Raw_Data!P10:AA10)=0,"",AVERAGE(Raw_Data!P10:AA10)/100),"") | F10: =IFERROR(IF(COUNT(Raw_Data!AB10:AM10)=0,"",SUM(Raw_Data!AB10:AM10)),"") -> 48 | G10: =IFERROR(IF(COUNT(Raw_Data!AN10:AY10)=0,"",SUM(Raw_Data!AN10:AY10)),"") -> 24 | H10: =IFERROR(IF(COUNT(Raw_Data!AZ10:BK10)=0,"",SUM(Raw_Data!AZ10:BK10)),"") -> 10 | I10: =IFERROR(IF(COUNT(Raw_Data!BL10:BW10)=0,"",SUM(Raw_Data!BL10:BW10)),"") -> 2 | J10: =IFERROR(IF(COUNT(Raw_Data!BX10:CI10)=0,"",SUM(Raw_Data!BX10:CI10)),"") -> 6 | K10: =IFERROR(IF(OR(F10="",G10="",F10<=0),"",G10/F10),"") -> 0.5 | L10: =IFERROR(IF(OR(F10="",G10="",F10<=0),"",(F10-G10)/F10),"") -> 0.5 | M10: =IFERROR(IF(OR(H10="",I10="",H10<=0),"",I10/H10),"") -> 0.2 | N10: =IFERROR(IF(OR(H10="",J10="",H10<=0),"",J10/H10),"") -> 0.6 | O10: =IFERROR(IF(AND(F10="",G10=""),"No Data",IF(OR(F10="",G10="",F10<=0),"Incomplete",IF(OR(G10>F10,K10<0,K10>1,L10<0,L10>1),"Invalid","Valid"))),"Invalid") -> Valid | P10: =IFERROR(IF(AND(H10="",I10="",J10=""),"No Data",IF(OR(H10="",I10="",J10="",H10<=0),"Incomplete",IF(OR(I10>H10,J10>H10,J10>I10,M10<0,M10>1,N10<0,N10>1),"Invalid","Valid"))),"Invalid") -> Invalid | Q10: =IF(OR(O10="No Data",P10="No Data"),"No Data",IF(OR(O10="Incomplete",P10="Incomplete"),"Incomplete",IF(OR(O10="Invalid",P10="Invalid"),"Invalid","Valid"))) -> Invalid
A11: =IF(Raw_Data!A11="","",TRIM(SUBSTITUTE(CLEAN(Raw_Data!A11),CHAR(160)," "))) -> Abuja Municipal Area Council | B11: =IF(Raw_Data!B11="","",TRIM(SUBSTITUTE(CLEAN(Raw_Data!B11),CHAR(160)," "))) -> Wuse Ward | C11: =IF(Raw_Data!C11="","",TRIM(SUBSTITUTE(CLEAN(Raw_Data!C11),CHAR(160)," "))) -> Abuja Clinics, Maitama | D11: =IFERROR(IF(COUNT(Raw_Data!D11:O11)=0,"",AVERAGE(Raw_Data!D11:O11)/100),"") -> 1 | E11: =IFERROR(IF(COUNT(Raw_Data!P11:AA11)=0,"",AVERAGE(Raw_Data!P11:AA11)/100),"") | F11: =IFERROR(IF(COUNT(Raw_Data!AB11:AM11)=0,"",SUM(Raw_Data!AB11:AM11)),"") -> 75 | G11: =IFERROR(IF(COUNT(Raw_Data!AN11:AY11)=0,"",SUM(Raw_Data!AN11:AY11)),"") -> 82 | H11: =IFERROR(IF(COUNT(Raw_Data!AZ11:BK11)=0,"",SUM(Raw_Data!AZ11:BK11)),"") -> 55 | I11: =IFERROR(IF(COUNT(Raw_Data!BL11:BW11)=0,"",SUM(Raw_Data!BL11:BW11)),"") -> 76 | J11: =IFERROR(IF(COUNT(Raw_Data!BX11:CI11)=0,"",SUM(Raw_Data!BX11:CI11)),"") -> 22 | K11: =IFERROR(IF(OR(F11="",G11="",F11<=0),"",G11/F11),"") -> 1.0933333 | L11: =IFERROR(IF(OR(F11="",G11="",F11<=0),"",(F11-G11)/F11),"") -> -0.093333333 | M11: =IFERROR(IF(OR(H11="",I11="",H11<=0),"",I11/H11),"") -> 1.3818182 | N11: =IFERROR(IF(OR(H11="",J11="",H11<=0),"",J11/H11),"") -> 0.4 | O11: =IFERROR(IF(AND(F11="",G11=""),"No Data",IF(OR(F11="",G11="",F11<=0),"Incomplete",IF(OR(G11>F11,K11<0,K11>1,L11<0,L11>1),"Invalid","Valid"))),"Invalid") -> Invalid | P11: =IFERROR(IF(AND(H11="",I11="",J11=""),"No Data",IF(OR(H11="",I11="",J11="",H11<=0),"Incomplete",IF(OR(I11>H11,J11>H11,J11>I11,M11<0,M11>1,N11<0,N11>1),"Invalid","Valid"))),"Invalid") -> Invalid | Q11: =IF(OR(O11="No Data",P11="No Data"),"No Data",IF(OR(O11="Incomplete",P11="Incomplete"),"Incomplete",IF(OR(O11="Invalid",P11="Invalid"),"Invalid","Valid"))) -> Invalid
A12: =IF(Raw_Data!A12="","",TRIM(SUBSTITUTE(CLEAN(Raw_Data!A12),CHAR(160)," "))) -> Abuja Municipal Area Council | B12: =IF(Raw_Data!B12="","",TRIM(SUBSTITUTE(CLEAN(Raw_Data!B12),CHAR(160)," "))) -> City Centre Ward | C12: =IF(Raw_Data!C12="","",TRIM(SUBSTITUTE(CLEAN(Raw_Data!C12),CHAR(160)," "))) -> Abuja Police Hospital | D12: =IFERROR(IF(COUNT(Raw_Data!D12:O12)=0,"",AVERAGE(Raw_Data!D12:O12)/100),"") -> 0.5 | E12: =IFERROR(IF(COUNT(Raw_Data!P12:AA12)=0,"",AVERAGE(Raw_Data!P12:AA12)/100),"") | F12: =IFERROR(IF(COUNT(Raw_Data!AB12:AM12)=0,"",SUM(Raw_Data!AB12:AM12)),"") -> 56 | G12: =IFERROR(IF(COUNT(Raw_Data!AN12:AY12)=0,"",SUM(Raw_Data!AN12:AY12)),"") -> 46 | H12: =IFERROR(IF(COUNT(Raw_Data!AZ12:BK12)=0,"",SUM(Raw_Data!AZ12:BK12)),"") -> 10 | I12: =IFERROR(IF(COUNT(Raw_Data!BL12:BW12)=0,"",SUM(Raw_Data!BL12:BW12)),"") -> 19 | J12: =IFERROR(IF(COUNT(Raw_Data!BX12:CI12)=0,"",SUM(Raw_Data!BX12:CI12)),"") -> 76 | K12: =IFERROR(IF(OR(F12="",G12="",F12<=0),"",G12/F12),"") -> 0.82142857 | L12: =IFERROR(IF(OR(F12="",G12="",F12<=0),"",(F12-G12)/F12),"") -> 0.17857143 | M12: =IFERROR(IF(OR(H12="",I12="",H12<=0),"",I12/H12),"") -> 1.9 | N12: =IFERROR(IF(OR(H12="",J12="",H12<=0),"",J12/H12),"") -> 7.6 | O12: =IFERROR(IF(AND(F12="",G12=""),"No Data",IF(OR(F12="",G12="",F12<=0),"Incomplete",IF(OR(G12>F12,K12<0,K12>1,L12<0,L12>1),"Invalid","Valid"))),"Invalid") -> Valid | P12: =IFERROR(IF(AND(H12="",I12="",J12=""),"No Data",IF(OR(H12="",I12="",J12="",H12<=0),"Incomplete",IF(OR(I12>H12,J12>H12,J12>I12,M12<0,M12>1,N12<0,N12>1),"Invalid","Valid"))),"Invalid") -> Invalid | Q12: =IF(OR(O12="No Data",P12="No Data"),"No Data",IF(OR(O12="Incomplete",P12="Incomplete"),"Incomplete",IF(OR(O12="Invalid",P12="Invalid"),"Invalid","Valid"))) -> Invalid
A13: =IF(Raw_Data!A13="","",TRIM(SUBSTITUTE(CLEAN(Raw_Data!A13),CHAR(160)," "))) -> Kuje Local Government Area | B13: =IF(Raw_Data!B13="","",TRIM(SUBSTITUTE(CLEAN(Raw_Data!B13),CHAR(160)," "))) -> Kabi Ward | C13: =IF(Raw_Data!C13="","",TRIM(SUBSTITUTE(CLEAN(Raw_Data!C13),CHAR(160)," "))) -> Achimbi Primary Health Centre | D13: =IFERROR(IF(COUNT(Raw_Data!D13:O13)=0,"",AVERAGE(Raw_Data!D13:O13)/100),"") -> 1 | E13: =IFERROR(IF(COUNT(Raw_Data!P13:AA13)=0,"",AVERAGE(Raw_Data!P13:AA13)/100),"") -> 1 | F13: =IFERROR(IF(COUNT(Raw_Data!AB13:AM13)=0,"",SUM(Raw_Data!AB13:AM13)),"") -> 218 | G13: =IFERROR(IF(COUNT(Raw_Data!AN13:AY13)=0,"",SUM(Raw_Data!AN13:AY13)),"") -> 274 | H13: =IFERROR(IF(COUNT(Raw_Data!AZ13:BK13)=0,"",SUM(Raw_Data!AZ13:BK13)),"") -> 97 | I13: =IFERROR(IF(COUNT(Raw_Data!BL13:BW13)=0,"",SUM(Raw_Data!BL13:BW13)),"") -> 14 | J13: =IFERROR(IF(COUNT(Raw_Data!BX13:CI13)=0,"",SUM(Raw_Data!BX13:CI13)),"") -> 1 | K13: =IFERROR(IF(OR(F13="",G13="",F13<=0),"",G13/F13),"") -> 1.2568807 | L13: =IFERROR(IF(OR(F13="",G13="",F13<=0),"",(F13-G13)/F13),"") -> -0.25688073 | M13: =IFERROR(IF(OR(H13="",I13="",H13<=0),"",I13/H13),"") -> 0.1443299 | N13: =IFERROR(IF(OR(H13="",J13="",H13<=0),"",J13/H13),"") -> 0.010309278 | O13: =IFERROR(IF(AND(F13="",G13=""),"No Data",IF(OR(F13="",G13="",F13<=0),"Incomplete",IF(OR(G13>F13,K13<0,K13>1,L13<0,L13>1),"Invalid","Valid"))),"Invalid") -> Invalid | P13: =IFERROR(IF(AND(H13="",I13="",J13=""),"No Data",IF(OR(H13="",I13="",J13="",H13<=0),"Incomplete",IF(OR(I13>H13,J13>H13,J13>I13,M13<0,M13>1,N13<0,N13>1),"Invalid","Valid"))),"Invalid") -> Valid | Q13: =IF(OR(O13="No Data",P13="No Data"),"No Data",IF(OR(O13="Incomplete",P13="Incomplete"),"Incomplete",IF(OR(O13="Invalid",P13="Invalid"),"Invalid","Valid"))) -> Invalid
... A398: =IF(Raw_Data!A398="","",TRIM(SUBSTITUTE(CLEAN(Raw_Data!A398),CHAR(160)," "))) -> Gwagwalada Local Government Area | B398: =IF(Raw_Data!B398="","",TRIM(SUBSTITUTE(CLEAN(Raw_Data!B398),CHAR(160)," "))) -> Zuba Ward | C398: =IF(Raw_Data!C398="","",TRIM(SUBSTITUTE(CLEAN(Raw_Data!C398),CHAR(160)," "))) -> Zuba Primary Health Center | D398: =IFERROR(IF(COUNT(Raw_Data!D398:O398)=0,"",AVERAGE(Raw_Data!D398:O398)/100),"") -> 0.8486125 | E398: =IFERROR(IF(COUNT(Raw_Data!P398:AA398)=0,"",AVERAGE(Raw_Data!P398:AA398)/100),"") -> 1.0041625 | F398: =IFERROR(IF(COUNT(Raw_Data!AB398:AM398)=0,"",SUM(Raw_Data!AB398:AM398)),"") -> 1672 | G398: =IFERROR(IF(COUNT(Raw_Data!AN398:AY398)=0,"",SUM(Raw_Data!AN398:AY398)),"") -> 2379 | H398: =IFERROR(IF(COUNT(Raw_Data!AZ398:BK398)=0,"",SUM(Raw_Data!AZ398:BK398)),"") -> 523 | I398: =IFERROR(IF(COUNT(Raw_Data!BL398:BW398)=0,"",SUM(Raw_Data!BL398:BW398)),"") -> 174 | J398: =IFERROR(IF(COUNT(Raw_Data!BX398:CI398)=0,"",SUM(Raw_Data!BX398:CI398)),"") -> 21 | K398: =IFERROR(IF(OR(F398="",G398="",F398<=0),"",G398/F398),"") -> 1.4228469 | L398: =IFERROR(IF(OR(F398="",G398="",F398<=0),"",(F398-G398)/F398),"") -> -0.42284689 | M398: =IFERROR(IF(OR(H398="",I398="",H398<=0),"",I398/H398),"") -> 0.33269598 | N398: =IFERROR(IF(OR(H398="",J398="",H398<=0),"",J398/H398),"") -> 0.040152964 | O398: =IFERROR(IF(AND(F398="",G398=""),"No Data",IF(OR(F398="",G398="",F398<=0),"Incomplete",IF(OR(G398>F398,K398<0,K398>1,L398<0,L398>1),"Invalid","Valid"))),"Invalid") -> Invalid | P398: =IFERROR(IF(AND(H398="",I398="",J398=""),"No Data",IF(OR(H398="",I398="",J398="",H398<=0),"Incomplete",IF(OR(I398>H398,J398>H398,J398>I398,M398<0,M398>1,N398<0,N398>1),"Invalid","Valid"))),"Invalid") -> Valid | Q398: =IF(OR(O398="No Data",P398="No Data"),"No Data",IF(OR(O398="Incomplete",P398="Incomplete"),"Incomplete",IF(OR(O398="Invalid",P398="Invalid"),"Invalid","Valid"))) -> Invalid

Sheet HF_Stratification_Index
A1: Area Council | B1: Ward | C1: Facility | D1: Overall Validation Status | E1: Mean Fixed Session (%) | F1: Mean Outreach Session (%) | G1: Penta Completion (%) | H1: ANC4 Completion (%) | I1: ANC8 Completion (%) | J1: Service Delivery Domain Score | K1: Continuity of Care Domain Score | L1: HFSI Score | M1: HFSI Rank | N1: HFSI Performance Category | O1: Remarks
A2: =Derived_Indicators!A2 -> Abuja Municipal Area Council | B2: =Derived_Indicators!B2 -> Gui Ward | C2: =Derived_Indicators!C2 -> 063 Nigeria Air Force Base Hospital | D2: =Derived_Indicators!Q2 -> Valid | E2: =Derived_Indicators!D2 -> 1 | F2: =Derived_Indicators!E2 -> 0.9375 | G2: =Derived_Indicators!K2 -> 0.92165899 | H2: =Derived_Indicators!M2 -> 0.31182796 | I2: =Derived_Indicators!N2 -> 0.13351254 | J2: =IF($D2<>"Valid","",AVERAGE(E2:F2)) -> 0.96875 | K2: =IF($D2<>"Valid","",AVERAGE(G2:I2)) -> 0.4556665 | L2: =IF($D2<>"Valid","",AVERAGE(J2,K2)) -> 0.71220825 | M2: =IF(AND($D2="Valid",ISNUMBER(L2)),RANK(L2,$L$2:$L$500,0),"") -> #REF! | N2: =IF(L2="", "Not Assessed", IF(L2>=0.85,"Excellent", IF(L2>=0.7,"Good", IF(L2>=0.55,"Moderate", IF(L2>=0.4,"Low", "Very Low"))))) -> Good | O2: =IF($D2<>"Valid", "Failed data validation; excluded from HFSI and requires contextual review in the Health Facility Selection Framework (HFSF).", "Eligible for contextual assessment using the Health Facility Selection Framework (HFSF).") -> Eligible for contextual assessment using the Health Facility Selection Framework (HFSF).
A3: =Derived_Indicators!A3 -> Abuja Municipal Area Council | B3: =Derived_Indicators!B3 -> City Centre Ward | C3: =Derived_Indicators!C3 -> 7 Guards Battalion Medical Reception Station Abuja | D3: =Derived_Indicators!Q3 -> Invalid | E3: =Derived_Indicators!D3 -> 0.975 | F3: =Derived_Indicators!E3 -> 1 | G3: =Derived_Indicators!K3 -> 1.1714286 | H3: =Derived_Indicators!M3 -> 0.40178571 | I3: =Derived_Indicators!N3 -> 0.0625 | J3: =IF($D3<>"Valid","",AVERAGE(E3:F3)) | K3: =IF($D3<>"Valid","",AVERAGE(G3:I3)) | L3: =IF($D3<>"Valid","",AVERAGE(J3,K3)) | M3: =IF(AND($D3="Valid",ISNUMBER(L3)),RANK(L3,$L$2:$L$500,0),"") | N3: =IF(L3="", "Not Assessed", IF(L3>=0.85,"Excellent", IF(L3>=0.7,"Good", IF(L3>=0.55,"Moderate", IF(L3>=0.4,"Low", "Very Low"))))) -> Not Assessed | O3: =IF($D3<>"Valid", "Failed data validation; excluded from HFSI and requires contextual review in the Health Facility Selection Framework (HFSF).", "Eligible for contextual assessment using the Health Facility Selection Framework (HFSF).") -> Failed data validation; excluded from HFSI and requires contextual review in the Health Facility Selection Framework (HFSF).
A4: =Derived_Indicators!A4 -> Abaji Local Government Area | B4: =Derived_Indicators!B4 -> Central (Abaji) Ward | C4: =Derived_Indicators!C4 -> Abaji New Township Primary Health Center | D4: =Derived_Indicators!Q4 -> Valid | E4: =Derived_Indicators!D4 -> 1.2272727 | F4: =Derived_Indicators!E4 -> 1.25 | G4: =Derived_Indicators!K4 -> 0.96296296 | H4: =Derived_Indicators!M4 -> 0.56213018 | I4: =Derived_Indicators!N4 -> 0.0059171598 | J4: =IF($D4<>"Valid","",AVERAGE(E4:F4)) -> 1.2386364 | K4: =IF($D4<>"Valid","",AVERAGE(G4:I4)) -> 0.51033677 | L4: =IF($D4<>"Valid","",AVERAGE(J4,K4)) -> 0.87448657 | M4: =IF(AND($D4="Valid",ISNUMBER(L4)),RANK(L4,$L$2:$L$500,0),"") -> #REF! | N4: =IF(L4="", "Not Assessed", IF(L4>=0.85,"Excellent", IF(L4>=0.7,"Good", IF(L4>=0.55,"Moderate", IF(L4>=0.4,"Low", "Very Low"))))) -> Excellent | O4: =IF($D4<>"Valid", "Failed data validation; excluded from HFSI and requires contextual review in the Health Facility Selection Framework (HFSF).", "Eligible for contextual assessment using the Health Facility Selection Framework (HFSF).") -> Eligible for contextual assessment using the Health Facility Selection Framework (HFSF).
A5: =Derived_Indicators!A5 -> Abaji Local Government Area | B5: =Derived_Indicators!B5 -> Central (Abaji) Ward | C5: =Derived_Indicators!C5 -> Abaji Central Primary Health Clinic | D5: =Derived_Indicators!Q5 -> Incomplete | E5: =Derived_Indicators!D5 -> 0.94545455 | F5: =Derived_Indicators!E5 | G5: =Derived_Indicators!K5 -> 1.1066667 | H5: =Derived_Indicators!M5 -> 0.035087719 | I5: =Derived_Indicators!N5 | J5: =IF($D5<>"Valid","",AVERAGE(E5:F5)) | K5: =IF($D5<>"Valid","",AVERAGE(G5:I5)) | L5: =IF($D5<>"Valid","",AVERAGE(J5,K5)) | M5: =IF(AND($D5="Valid",ISNUMBER(L5)),RANK(L5,$L$2:$L$500,0),"") | N5: =IF(L5="", "Not Assessed", IF(L5>=0.85,"Excellent", IF(L5>=0.7,"Good", IF(L5>=0.55,"Moderate", IF(L5>=0.4,"Low", "Very Low"))))) -> Not Assessed | O5: =IF($D5<>"Valid", "Failed data validation; excluded from HFSI and requires contextual review in the Health Facility Selection Framework (HFSF).", "Eligible for contextual assessment using the Health Facility Selection Framework (HFSF).") -> Failed data validation; excluded from HFSI and requires contextual review in the Health Facility Selection Framework (HFSF).
A6: =Derived_Indicators!A6 -> Abaji Local Government Area | B6: =Derived_Indicators!B6 -> North East Ward | C6: =Derived_Indicators!C6 -> Abaji General Hospital | D6: =Derived_Indicators!Q6 -> Valid | E6: =Derived_Indicators!D6 -> 0.97334 | F6: =Derived_Indicators!E6 -> 0.3333 | G6: =Derived_Indicators!K6 -> 0.90464548 | H6: =Derived_Indicators!M6 -> 0.58451613 | I6: =Derived_Indicators!N6 -> 0.17032258 | J6: =IF($D6<>"Valid","",AVERAGE(E6:F6)) -> 0.65332 | K6: =IF($D6<>"Valid","",AVERAGE(G6:I6)) -> 0.5531614 | L6: =IF($D6<>"Valid","",AVERAGE(J6,K6)) -> 0.6032407 | M6: =IF(AND($D6="Valid",ISNUMBER(L6)),RANK(L6,$L$2:$L$500,0),"") -> #REF! | N6: =IF(L6="", "Not Assessed", IF(L6>=0.85,"Excellent", IF(L6>=0.7,"Good", IF(L6>=0.55,"Moderate", IF(L6>=0.4,"Low", "Very Low"))))) -> Moderate | O6: =IF($D6<>"Valid", "Failed data validation; excluded from HFSI and requires contextual review in the Health Facility Selection Framework (HFSF).", "Eligible for contextual assessment using the Health Facility Selection Framework (HFSF).") -> Eligible for contextual assessment using the Health Facility Selection Framework (HFSF).
A7: =Derived_Indicators!A7 -> Abaji Local Government Area | B7: =Derived_Indicators!B7 -> North East Ward | C7: =Derived_Indicators!C7 -> Abaji Maternal And Child Health Clinic | D7: =Derived_Indicators!Q7 -> Invalid | E7: =Derived_Indicators!D7 -> 0.92272727 | F7: =Derived_Indicators!E7 | G7: =Derived_Indicators!K7 -> 1.0621118 | H7: =Derived_Indicators!M7 -> 0.14285714 | I7: =Derived_Indicators!N7 -> 0.32142857 | J7: =IF($D7<>"Valid","",AVERAGE(E7:F7)) | K7: =IF($D7<>"Valid","",AVERAGE(G7:I7)) | L7: =IF($D7<>"Valid","",AVERAGE(J7,K7)) | M7: =IF(AND($D7="Valid",ISNUMBER(L7)),RANK(L7,$L$2:$L$500,0),"") | N7: =IF(L7="", "Not Assessed", IF(L7>=0.85,"Excellent", IF(L7>=0.7,"Good", IF(L7>=0.55,"Moderate", IF(L7>=0.4,"Low", "Very Low"))))) -> Not Assessed | O7: =IF($D7<>"Valid", "Failed data validation; excluded from HFSI and requires contextual review in the Health Facility Selection Framework (HFSF).", "Eligible for contextual assessment using the Health Facility Selection Framework (HFSF).") -> Failed data validation; excluded from HFSI and requires contextual review in the Health Facility Selection Framework (HFSF).
A8: =Derived_Indicators!A8 -> Abaji Local Government Area | B8: =Derived_Indicators!B8 -> Nuku Sabon Gari Ward | C8: =Derived_Indicators!C8 -> Abattior Primary Health Clinic | D8: =Derived_Indicators!Q8 -> Valid | E8: =Derived_Indicators!D8 -> 0.97727273 | F8: =Derived_Indicators!E8 -> 0.83333333 | G8: =Derived_Indicators!K8 -> 0.83574879 | H8: =Derived_Indicators!M8 -> 0.19834711 | I8: =Derived_Indicators!N8 -> 0.024793388 | J8: =IF($D8<>"Valid","",AVERAGE(E8:F8)) -> 0.90530303 | K8: =IF($D8<>"Valid","",AVERAGE(G8:I8)) -> 0.3529631 | L8: =IF($D8<>"Valid","",AVERAGE(J8,K8)) -> 0.62913306 | M8: =IF(AND($D8="Valid",ISNUMBER(L8)),RANK(L8,$L$2:$L$500,0),"") -> #REF! | N8: =IF(L8="", "Not Assessed", IF(L8>=0.85,"Excellent", IF(L8>=0.7,"Good", IF(L8>=0.55,"Moderate", IF(L8>=0.4,"Low", "Very Low"))))) -> Moderate | O8: =IF($D8<>"Valid", "Failed data validation; excluded from HFSI and requires contextual review in the Health Facility Selection Framework (HFSF).", "Eligible for contextual assessment using the Health Facility Selection Framework (HFSF).") -> Eligible for contextual assessment using the Health Facility Selection Framework (HFSF).
A9: =Derived_Indicators!A9 -> Kwali Local Government Area | B9: =Derived_Indicators!B9 -> Kwali Ward | C9: =Derived_Indicators!C9 -> Abu Fatima Maternity Clinic | D9: =Derived_Indicators!Q9 -> No Data | E9: =Derived_Indicators!D9 | F9: =Derived_Indicators!E9 | G9: =Derived_Indicators!K9 | H9: =Derived_Indicators!M9 -> 1.0816327 | I9: =Derived_Indicators!N9 -> 1.0612245 | J9: =IF($D9<>"Valid","",AVERAGE(E9:F9)) | K9: =IF($D9<>"Valid","",AVERAGE(G9:I9)) | L9: =IF($D9<>"Valid","",AVERAGE(J9,K9)) | M9: =IF(AND($D9="Valid",ISNUMBER(L9)),RANK(L9,$L$2:$L$500,0),"") | N9: =IF(L9="", "Not Assessed", IF(L9>=0.85,"Excellent", IF(L9>=0.7,"Good", IF(L9>=0.55,"Moderate", IF(L9>=0.4,"Low", "Very Low"))))) -> Not Assessed | O9: =IF($D9<>"Valid", "Failed data validation; excluded from HFSI and requires contextual review in the Health Facility Selection Framework (HFSF).", "Eligible for contextual assessment using the Health Facility Selection Framework (HFSF).") -> Failed data validation; excluded from HFSI and requires contextual review in the Health Facility Selection Framework (HFSF).
A10: =Derived_Indicators!A10 -> Abuja Municipal Area Council | B10: =Derived_Indicators!B10 -> Garki Ward | C10: =Derived_Indicators!C10 -> Abuja Clinic | D10: =Derived_Indicators!Q10 -> Invalid | E10: =Derived_Indicators!D10 | F10: =Derived_Indicators!E10 | G10: =Derived_Indicators!K10 -> 0.5 | H10: =Derived_Indicators!M10 -> 0.2 | I10: =Derived_Indicators!N10 -> 0.6 | J10: =IF($D10<>"Valid","",AVERAGE(E10:F10)) | K10: =IF($D10<>"Valid","",AVERAGE(G10:I10)) | L10: =IF($D10<>"Valid","",AVERAGE(J10,K10)) | M10: =IF(AND($D10="Valid",ISNUMBER(L10)),RANK(L10,$L$2:$L$500,0),"") | N10: =IF(L10="", "Not Assessed", IF(L10>=0.85,"Excellent", IF(L10>=0.7,"Good", IF(L10>=0.55,"Moderate", IF(L10>=0.4,"Low", "Very Low"))))) -> Not Assessed | O10: =IF($D10<>"Valid", "Failed data validation; excluded from HFSI and requires contextual review in the Health Facility Selection Framework (HFSF).", "Eligible for contextual assessment using the Health Facility Selection Framework (HFSF).") -> Failed data validation; excluded from HFSI and requires contextual review in the Health Facility Selection Framework (HFSF).
A11: =Derived_Indicators!A11 -> Abuja Municipal Area Council | B11: =Derived_Indicators!B11 -> Wuse Ward | C11: =Derived_Indicators!C11 -> Abuja Clinics, Maitama | D11: =Derived_Indicators!Q11 -> Invalid | E11: =Derived_Indicators!D11 -> 1 | F11: =Derived_Indicators!E11 | G11: =Derived_Indicators!K11 -> 1.0933333 | H11: =Derived_Indicators!M11 -> 1.3818182 | I11: =Derived_Indicators!N11 -> 0.4 | J11: =IF($D11<>"Valid","",AVERAGE(E11:F11)) | K11: =IF($D11<>"Valid","",AVERAGE(G11:I11)) | L11: =IF($D11<>"Valid","",AVERAGE(J11,K11)) | M11: =IF(AND($D11="Valid",ISNUMBER(L11)),RANK(L11,$L$2:$L$500,0),"") | N11: =IF(L11="", "Not Assessed", IF(L11>=0.85,"Excellent", IF(L11>=0.7,"Good", IF(L11>=0.55,"Moderate", IF(L11>=0.4,"Low", "Very Low"))))) -> Not Assessed | O11: =IF($D11<>"Valid", "Failed data validation; excluded from HFSI and requires contextual review in the Health Facility Selection Framework (HFSF).", "Eligible for contextual assessment using the Health Facility Selection Framework (HFSF).") -> Failed data validation; excluded from HFSI and requires contextual review in the Health Facility Selection Framework (HFSF).
A12: =Derived_Indicators!A12 -> Abuja Municipal Area Council | B12: =Derived_Indicators!B12 -> City Centre Ward | C12: =Derived_Indicators!C12 -> Abuja Police Hospital | D12: =Derived_Indicators!Q12 -> Invalid | E12: =Derived_Indicators!D12 -> 0.5 | F12: =Derived_Indicators!E12 | G12: =Derived_Indicators!K12 -> 0.82142857 | H12: =Derived_Indicators!M12 -> 1.9 | I12: =Derived_Indicators!N12 -> 7.6 | J12: =IF($D12<>"Valid","",AVERAGE(E12:F12)) | K12: =IF($D12<>"Valid","",AVERAGE(G12:I12)) | L12: =IF($D12<>"Valid","",AVERAGE(J12,K12)) | M12: =IF(AND($D12="Valid",ISNUMBER(L12)),RANK(L12,$L$2:$L$500,0),"") | N12: =IF(L12="", "Not Assessed", IF(L12>=0.85,"Excellent", IF(L12>=0.7,"Good", IF(L12>=0.55,"Moderate", IF(L12>=0.4,"Low", "Very Low"))))) -> Not Assessed | O12: =IF($D12<>"Valid", "Failed data validation; excluded from HFSI and requires contextual review in the Health Facility Selection Framework (HFSF).", "Eligible for contextual assessment using the Health Facility Selection Framework (HFSF).") -> Failed data validation; excluded from HFSI and requires contextual review in the Health Facility Selection Framework (HFSF).
A13: =#REF! -> #REF! | B13: =#REF! -> #REF! | C13: =#REF! -> #REF! | D13: =#REF! -> #REF! | E13: =#REF! -> #REF! | F13: =#REF! -> #REF! | G13: =#REF! -> #REF! | H13: =#REF! -> #REF! | I13: =#REF! -> #REF! | J13: =IF(D13<>"Valid","",SUM(E13:F13)) -> #REF! | K13: =IF(D13<>"Valid","",SUM(G13:I13)) -> #REF! | L13: =IF(D13<>"Valid","",#REF!*0.4+#REF!*0.6) -> #REF! | N13: =IF(D13<>"Valid","Not Assessed (Insufficient Valid Data)",LOOKUP(L13,tblPerformanceCategory[Min],tblPerformanceCategory[Performance Category])) -> #REF! | O13: =IF(D13="Valid","Yes","No") -> #REF!
A14: =#REF! -> #REF! | B14: =#REF! -> #REF! | C14: =#REF! -> #REF! | D14: =#REF! -> #REF! | E14: =#REF! -> #REF! | F14: =#REF! -> #REF! | G14: =#REF! -> #REF! | H14: =#REF! -> #REF! | I14: =#REF! -> #REF! | J14: =IF(D14<>"Valid","",SUM(E14:F14)) -> #REF! | K14: =IF(D14<>"Valid","",SUM(G14:I14)) -> #REF! | L14: =IF(D14<>"Valid","",#REF!*0.4+#REF!*0.6) -> #REF! | N14: =IF(D14<>"Valid","Not Assessed (Insufficient Valid Data)",LOOKUP(L14,tblPerformanceCategory[Min],tblPerformanceCategory[Performance Category])) -> #REF! | O14: =IF(D14="Valid","Yes","No") -> #REF!
A15: =#REF! -> #REF! | B15: =#REF! -> #REF! | C15: =#REF! -> #REF! | D15: =#REF! -> #REF! | E15: =#REF! -> #REF! | F15: =#REF! -> #REF! | G15: =#REF! -> #REF! | H15: =#REF! -> #REF! | I15: =#REF! -> #REF! | J15: =IF(D15<>"Valid","",SUM(E15:F15)) -> #REF! | K15: =IF(D15<>"Valid","",SUM(G15:I15)) -> #REF! | L15: =IF(D15<>"Valid","",#REF!*0.4+#REF!*0.6) -> #REF! | N15: =IF(D15<>"Valid","Not Assessed (Insufficient Valid Data)",LOOKUP(L15,tblPerformanceCategory[Min],tblPerformanceCategory[Performance Category])) -> #REF! | O15: =IF(D15="Valid","Yes","No") -> #REF!
A16: =#REF! -> #REF! | B16: =#REF! -> #REF! | C16: =#REF! -> #REF! | D16: =#REF! -> #REF! | E16: =#REF! -> #REF! | F16: =#REF! -> #REF! | G16: =#REF! -> #REF! | H16: =#REF! -> #REF! | I16: =#REF! -> #REF! | J16: =IF(D16<>"Valid","",SUM(E16:F16)) -> #REF! | K16: =IF(D16<>"Valid","",SUM(G16:I16)) -> #REF! | L16: =IF(D16<>"Valid","",#REF!*0.4+#REF!*0.6) -> #REF! | N16: =IF(D16<>"Valid","Not Assessed (Insufficient Valid Data)",LOOKUP(L16,tblPerformanceCategory[Min],tblPerformanceCategory[Performance Category])) -> #REF! | O16: =IF(D16="Valid","Yes","No") -> #REF!
A17: =#REF! -> #REF! | B17: =#REF! -> #REF! | C17: =#REF! -> #REF! | D17: =#REF! -> #REF! | E17: =#REF! -> #REF! | F17: =#REF! -> #REF! | G17: =#REF! -> #REF! | H17: =#REF! -> #REF! | I17: =#REF! -> #REF! | J17: =IF(D17<>"Valid","",SUM(E17:F17)) -> #REF! | K17: =IF(D17<>"Valid","",SUM(G17:I17)) -> #REF! | L17: =IF(D17<>"Valid","",#REF!*0.4+#REF!*0.6) -> #REF! | N17: =IF(D17<>"Valid","Not Assessed (Insufficient Valid Data)",LOOKUP(L17,tblPerformanceCategory[Min],tblPerformanceCategory[Performance Category])) -> #REF! | O17: =IF(D17="Valid","Yes","No") -> #REF!
A18: =#REF! -> #REF! | B18: =#REF! -> #REF! | C18: =#REF! -> #REF! | D18: =#REF! -> #REF! | E18: =#REF! -> #REF! | F18: =#REF! -> #REF! | G18: =#REF! -> #REF! | H18: =#REF! -> #REF! | I18: =#REF! -> #REF! | J18: =IF(D18<>"Valid","",SUM(E18:F18)) -> #REF! | K18: =IF(D18<>"Valid","",SUM(G18:I18)) -> #REF! | L18: =IF($D18<>"Valid",0,IFERROR(AVERAGE(#REF!,#REF!),0)) -> #REF! | M18: =IF(ISNUMBER(L18),_xlfn.RANK.EQ(L18,$L$2:$L$500,0),"") | N18: =IF(L18=0, "Not Assessed", IF(L18>=0.85,"Very High Performance", IF(L18>=0.7,"High Performance", IF(L18>=0.55,"Moderate Performance", IF(L18>=0.4,"Low Performance", "Very Low Performance"))))) -> #REF! | O18: =IF($L18=0, "Failed minimum data validation; requires contextual review in FSF.", "Ready for contextual review in FSF.") -> #REF!
A19: =Derived_Indicators!A19 -> Abuja Municipal Area Council | B19: =Derived_Indicators!B19 -> Kabusa Ward | C19: =Derived_Indicators!C19 -> Aleiyita Primary Health Care Centre | D19: =Derived_Indicators!Q19 -> Invalid | E19: =Derived_Indicators!D19 -> 1 | F19: =Derived_Indicators!E19 -> 0.75 | G19: =Derived_Indicators!K19 -> 1.295082 | H19: =Derived_Indicators!M19 -> 0.34090909 | I19: =Derived_Indicators!N19 -> 0.015151515 | J19: =IF($D19<>"Valid","",AVERAGE(E19:F19)) | K19: =IF($D19<>"Valid","",AVERAGE(G19:I19)) | L19: =IF($D19<>"Valid","",AVERAGE(J19,K19)) | M19: =IF(AND($D19="Valid",ISNUMBER(L19)),RANK(L19,$L$2:$L$500,0),"") | N19: =IF(L19="", "Not Assessed", IF(L19>=0.85,"Excellent", IF(L19>=0.7,"Good", IF(L19>=0.55,"Moderate", IF(L19>=0.4,"Low", "Very Low"))))) -> Not Assessed | O19: =IF($D19<>"Valid", "Failed data validation; excluded from HFSI and requires contextual review in the Health Facility Selection Framework (HFSF).", "Eligible for contextual assessment using the Health Facility Selection Framework (HFSF).") -> Failed data validation; excluded from HFSI and requires contextual review in the Health Facility Selection Framework (HFSF).
A20: =#REF! -> #REF! | B20: =#REF! -> #REF! | C20: =#REF! -> #REF! | D20: =#REF! -> #REF! | E20: =#REF! -> #REF! | F20: =#REF! -> #REF! | G20: =#REF! -> #REF! | H20: =#REF! -> #REF! | I20: =#REF! -> #REF! | J20: =IF(D20<>"Valid","",SUM(E20:F20)) -> #REF! | K20: =IF(D20<>"Valid","",SUM(G20:I20)) -> #REF! | L20: =IF(D20<>"Valid","",#REF!*0.4+#REF!*0.6) -> #REF! | N20: =IF(D20<>"Valid","Not Assessed (Insufficient Valid Data)",LOOKUP(L20,tblPerformanceCategory[Min],tblPerformanceCategory[Performance Category])) -> #REF! | O20: =IF(D20="Valid","Yes","No") -> #REF!
A21: =#REF! -> #REF! | B21: =#REF! -> #REF! | C21: =#REF! -> #REF! | D21: =#REF! -> #REF! | E21: =#REF! -> #REF! | F21: =#REF! -> #REF! | G21: =#REF! -> #REF! | H21: =#REF! -> #REF! | I21: =#REF! -> #REF! | J21: =IF(D21<>"Valid","",SUM(E21:F21)) -> #REF! | K21: =IF(D21<>"Valid","",SUM(G21:I21)) -> #REF! | L21: =IF($D21<>"Valid",0,IFERROR(AVERAGE(#REF!,#REF!),0)) -> #REF! | M21: =IF(ISNUMBER(L21),_xlfn.RANK.EQ(L21,$L$2:$L$500,0),"") | N21: =IF(L21=0, "Not Assessed", IF(L21>=0.85,"Very High Performance", IF(L21>=0.7,"High Performance", IF(L21>=0.55,"Moderate Performance", IF(L21>=0.4,"Low Performance", "Very Low Performance"))))) -> #REF! | O21: =IF($L21=0, "Failed minimum data validation; requires contextual review in FSF.", "Ready for contextual review in FSF.") -> #REF!
A22: =#REF! -> #REF! | B22: =#REF! -> #REF! | C22: =#REF! -> #REF! | D22: =#REF! -> #REF! | E22: =#REF! -> #REF! | F22: =#REF! -> #REF! | G22: =#REF! -> #REF! | H22: =#REF! -> #REF! | I22: =#REF! -> #REF! | J22: =IF(D22<>"Valid","",SUM(E22:F22)) -> #REF! | K22: =IF(D22<>"Valid","",SUM(G22:I22)) -> #REF! | L22: =IF(D22<>"Valid","",#REF!*0.4+#REF!*0.6) -> #REF! | N22: =IF(D22<>"Valid","Not Assessed (Insufficient Valid Data)",LOOKUP(L22,tblPerformanceCategory[Min],tblPerformanceCategory[Performance Category])) -> #REF! | O22: =IF(D22="Valid","Yes","No") -> #REF!
A23: =#REF! -> #REF! | B23: =#REF! -> #REF! | C23: =#REF! -> #REF! | D23: =#REF! -> #REF! | E23: =#REF! -> #REF! | F23: =#REF! -> #REF! | G23: =#REF! -> #REF! | H23: =#REF! -> #REF! | I23: =#REF! -> #REF! | J23: =IF(D23<>"Valid","",SUM(E23:F23)) -> #REF! | K23: =IF(D23<>"Valid","",SUM(G23:I23)) -> #REF! | L23: =IF(D23<>"Valid","",#REF!*0.4+#REF!*0.6) -> #REF! | N23: =IF(D23<>"Valid","Not Assessed (Insufficient Valid Data)",LOOKUP(L23,tblPerformanceCategory[Min],tblPerformanceCategory[Performance Category])) -> #REF! | O23: =IF(D23="Valid","Yes","No") -> #REF!
A24: =#REF! -> #REF! | B24: =#REF! -> #REF! | C24: =#REF! -> #REF! | D24: =#REF! -> #REF! | E24: =#REF! -> #REF! | F24: =#REF! -> #REF! | G24: =#REF! -> #REF! | H24: =#REF! -> #REF! | I24: =#REF! -> #REF! | J24: =IF(D24<>"Valid","",SUM(E24:F24)) -> #REF! | K24: =IF(D24<>"Valid","",SUM(G24:I24)) -> #REF! | L24: =IF(D24<>"Valid","",#REF!*0.4+#REF!*0.6) -> #REF! | N24: =IF(D24<>"Valid","Not Assessed (Insufficient Valid Data)",LOOKUP(L24,tblPerformanceCategory[Min],tblPerformanceCategory[Performance Category])) -> #REF! | O24: =IF(D24="Valid","Yes","No") -> #REF!
A25: =#REF! -> #REF! | B25: =#REF! -> #REF! | C25: =#REF! -> #REF! | D25: =#REF! -> #REF! | E25: =#REF! -> #REF! | F25: =#REF! -> #REF! | G25: =#REF! -> #REF! | H25: =#REF! -> #REF! | I25: =#REF! -> #REF! | J25: =IF(D25<>"Valid","",SUM(E25:F25)) -> #REF! | K25: =IF(D25<>"Valid","",SUM(G25:I25)) -> #REF! | L25: =IF($D25<>"Valid",0,IFERROR(AVERAGE(#REF!,#REF!),0)) -> #REF! | M25: =IF(ISNUMBER(L25),_xlfn.RANK.EQ(L25,$L$2:$L$500,0),"") | N25: =IF(L25=0, "Not Assessed", IF(L25>=0.85,"Very High Performance", IF(L25>=0.7,"High Performance", IF(L25>=0.55,"Moderate Performance", IF(L25>=0.4,"Low Performance", "Very Low Performance"))))) -> #REF! | O25: =IF($L25=0, "Failed minimum data validation; requires contextual review in FSF.", "Ready for contextual review in FSF.") -> #REF!
A26: =#REF! -> #REF! | B26: =#REF! -> #REF! | C26: =#REF! -> #REF! | D26: =#REF! -> #REF! | E26: =#REF! -> #REF! | F26: =#REF! -> #REF! | G26: =#REF! -> #REF! | H26: =#REF! -> #REF! | I26: =#REF! -> #REF! | J26: =IF(D26<>"Valid","",SUM(E26:F26)) -> #REF! | K26: =IF(D26<>"Valid","",SUM(G26:I26)) -> #REF! | L26: =IF(D26<>"Valid","",#REF!*0.4+#REF!*0.6) -> #REF! | N26: =IF(D26<>"Valid","Not Assessed (Insufficient Valid Data)",LOOKUP(L26,tblPerformanceCategory[Min],tblPerformanceCategory[Performance Category])) -> #REF! | O26: =IF(D26="Valid","Yes","No") -> #REF!
A27: =#REF! -> #REF! | B27: =#REF! -> #REF! | C27: =#REF! -> #REF! | D27: =#REF! -> #REF! | E27: =#REF! -> #REF! | F27: =#REF! -> #REF! | G27: =#REF! -> #REF! | H27: =#REF! -> #REF! | I27: =#REF! -> #REF! | J27: =IF(D27<>"Valid","",SUM(E27:F27)) -> #REF! | K27: =IF(D27<>"Valid","",SUM(G27:I27)) -> #REF! | L27: =IF(D27<>"Valid","",#REF!*0.4+#REF!*0.6) -> #REF! | N27: =IF(D27<>"Valid","Not Assessed (Insufficient Valid Data)",LOOKUP(L27,tblPerformanceCategory[Min],tblPerformanceCategory[Performance Category])) -> #REF! | O27: =IF(D27="Valid","Yes","No") -> #REF!
A28: =Derived_Indicators!A28 -> Abuja Municipal Area Council | B28: =Derived_Indicators!B28 -> Garki Ward | C28: =Derived_Indicators!C28 -> Apo Primary Health Centre | D28: =Derived_Indicators!Q28 -> Invalid | E28: =Derived_Indicators!D28 -> 1.0454545 | F28: =Derived_Indicators!E28 -> 1.5833364 | G28: =Derived_Indicators!K28 -> 1.0397727 | H28: =Derived_Indicators!M28 -> 0.22705314 | I28: =Derived_Indicators!N28 -> 0.024154589 | J28: =IF($D28<>"Valid","",AVERAGE(E28:F28)) | K28: =IF($D28<>"Valid","",AVERAGE(G28:I28)) | L28: =IF($D28<>"Valid","",AVERAGE(J28,K28)) | M28: =IF(AND($D28="Valid",ISNUMBER(L28)),RANK(L28,$L$2:$L$500,0),"") | N28: =IF(L28="", "Not Assessed", IF(L28>=0.85,"Excellent", IF(L28>=0.7,"Good", IF(L28>=0.55,"Moderate", IF(L28>=0.4,"Low", "Very Low"))))) -> Not Assessed | O28: =IF($D28<>"Valid", "Failed data validation; excluded from HFSI and requires contextual review in the Health Facility Selection Framework (HFSF).", "Eligible for contextual assessment using the Health Facility Selection Framework (HFSF).") -> Failed data validation; excluded from HFSI and requires contextual review in the Health Facility Selection Framework (HFSF).
A29: =Derived_Indicators!A29 -> Abuja Municipal Area Council | B29: =Derived_Indicators!B29 -> Karu Ward | C29: =Derived_Indicators!C29 -> Arewa Clinic and Maternity | D29: =Derived_Indicators!Q29 -> Valid | E29: =Derived_Indicators!D29 | F29: =Derived_Indicators!E29 | G29: =Derived_Indicators!K29 -> 0.92857143 | H29: =Derived_Indicators!M29 -> 0.26666667 | I29: =Derived_Indicators!N29 -> 0.2 | J29: =IF($D29<>"Valid","",AVERAGE(E29:F29)) -> #DIV/0! | K29: =IF($D29<>"Valid","",AVERAGE(G29:I29)) -> 0.46507937 | L29: =IF($D29<>"Valid","",AVERAGE(J29,K29)) -> #DIV/0! | M29: =IF(AND($D29="Valid",ISNUMBER(L29)),RANK(L29,$L$2:$L$500,0),"") | N29: =IF(L29="", "Not Assessed", IF(L29>=0.85,"Excellent", IF(L29>=0.7,"Good", IF(L29>=0.55,"Moderate", IF(L29>=0.4,"Low", "Very Low"))))) -> #DIV/0! | O29: =IF($D29<>"Valid", "Failed data validation; excluded from HFSI and requires contextual review in the Health Facility Selection Framework (HFSF).", "Eligible for contextual assessment using the Health Facility Selection Framework (HFSF).") -> Eligible for contextual assessment using the Health Facility Selection Framework (HFSF).
A30: =#REF! -> #REF! | B30: =#REF! -> #REF! | C30: =#REF! -> #REF! | D30: =#REF! -> #REF! | E30: =#REF! -> #REF! | F30: =#REF! -> #REF! | G30: =#REF! -> #REF! | H30: =#REF! -> #REF! | I30: =#REF! -> #REF! | J30: =IF(D30<>"Valid","",SUM(E30:F30)) -> #REF! | K30: =IF(D30<>"Valid","",SUM(G30:I30)) -> #REF! | L30: =IF(D30<>"Valid","",#REF!*0.4+#REF!*0.6) -> #REF! | N30: =IF(D30<>"Valid","Not Assessed (Insufficient Valid Data)",LOOKUP(L30,tblPerformanceCategory[Min],tblPerformanceCategory[Performance Category])) -> #REF! | O30: =IF(D30="Valid","Yes","No") -> #REF!
A31: =#REF! -> #REF! | B31: =#REF! -> #REF! | C31: =#REF! -> #REF! | D31: =#REF! -> #REF! | E31: =#REF! -> #REF! | F31: =#REF! -> #REF! | G31: =#REF! -> #REF! | H31: =#REF! -> #REF! | I31: =#REF! -> #REF! | J31: =IF(D31<>"Valid","",SUM(E31:F31)) -> #REF! | K31: =IF(D31<>"Valid","",SUM(G31:I31)) -> #REF! | L31: =IF(D31<>"Valid","",#REF!*0.4+#REF!*0.6) -> #REF! | N31: =IF(D31<>"Valid","Not Assessed (Insufficient Valid Data)",LOOKUP(L31,tblPerformanceCategory[Min],tblPerformanceCategory[Performance Category])) -> #REF! | O31: =IF(D31="Valid","Yes","No") -> #REF!
A32: =#REF! -> #REF! | B32: =#REF! -> #REF! | C32: =#REF! -> #REF! | D32: =#REF! -> #REF! | E32: =#REF! -> #REF! | F32: =#REF! -> #REF! | G32: =#REF! -> #REF! | H32: =#REF! -> #REF! | I32: =#REF! -> #REF! | J32: =IF(D32<>"Valid","",SUM(E32:F32)) -> #REF! | K32: =IF(D32<>"Valid","",SUM(G32:I32)) -> #REF! | L32: =IF($D32<>"Valid",0,IFERROR(AVERAGE(#REF!,#REF!),0)) -> #REF! | M32: =IF(ISNUMBER(L32),_xlfn.RANK.EQ(L32,$L$2:$L$500,0),"") | N32: =IF(L32=0, "Not Assessed", IF(L32>=0.85,"Very High Performance", IF(L32>=0.7,"High Performance", IF(L32>=0.55,"Moderate Performance", IF(L32>=0.4,"Low Performance", "Very Low Performance"))))) -> #REF! | O32: =IF($L32=0, "Failed minimum data validation; requires contextual review in FSF.", "Ready for contextual review in FSF.") -> #REF!
A33: =#REF! -> #REF! | B33: =#REF! -> #REF! | C33: =#REF! -> #REF! | D33: =#REF! -> #REF! | E33: =#REF! -> #REF! | F33: =#REF! -> #REF! | G33: =#REF! -> #REF! | H33: =#REF! -> #REF! | I33: =#REF! -> #REF! | J33: =IF(D33<>"Valid","",SUM(E33:F33)) -> #REF! | K33: =IF(D33<>"Valid","",SUM(G33:I33)) -> #REF! | L33: =IF($D33<>"Valid",0,IFERROR(AVERAGE(#REF!,#REF!),0)) -> #REF! | M33: =IF(ISNUMBER(L33),_xlfn.RANK.EQ(L33,$L$2:$L$500,0),"") | N33: =IF(L33=0, "Not Assessed", IF(L33>=0.85,"Very High Performance", IF(L33>=0.7,"High Performance", IF(L33>=0.55,"Moderate Performance", IF(L33>=0.4,"Low Performance", "Very Low Performance"))))) -> #REF! | O33: =IF($L33=0, "Failed minimum data validation; requires contextual review in FSF.", "Ready for contextual review in FSF.") -> #REF!
A34: =#REF! -> #REF! | B34: =#REF! -> #REF! | C34: =#REF! -> #REF! | D34: =#REF! -> #REF! | E34: =#REF! -> #REF! | F34: =#REF! -> #REF! | G34: =#REF! -> #REF! | H34: =#REF! -> #REF! | I34: =#REF! -> #REF! | J34: =IF(D34<>"Valid","",SUM(E34:F34)) -> #REF! | K34: =IF(D34<>"Valid","",SUM(G34:I34)) -> #REF! | L34: =IF(D34<>"Valid","",#REF!*0.4+#REF!*0.6) -> #REF! | N34: =IF(D34<>"Valid","Not Assessed (Insufficient Valid Data)",LOOKUP(L34,tblPerformanceCategory[Min],tblPerformanceCategory[Performance Category])) -> #REF! | O34: =IF(D34="Valid","Yes","No") -> #REF!
A35: =#REF! -> #REF! | B35: =#REF! -> #REF! | C35: =#REF! -> #REF! | D35: =#REF! -> #REF! | E35: =#REF! -> #REF! | F35: =#REF! -> #REF! | G35: =#REF! -> #REF! | H35: =#REF! -> #REF! | I35: =#REF! -> #REF! | J35: =IF(D35<>"Valid","",SUM(E35:F35)) -> #REF! | K35: =IF(D35<>"Valid","",SUM(G35:I35)) -> #REF! | L35: =IF(D35<>"Valid","",#REF!*0.4+#REF!*0.6) -> #REF! | N35: =IF(D35<>"Valid","Not Assessed (Insufficient Valid Data)",LOOKUP(L35,tblPerformanceCategory[Min],tblPerformanceCategory[Performance Category])) -> #REF! | O35: =IF(D35="Valid","Yes","No") -> #REF!
A36: =#REF! -> #REF! | B36: =#REF! -> #REF! | C36: =#REF! -> #REF! | D36: =#REF! -> #REF! | E36: =#REF! -> #REF! | F36: =#REF! -> #REF! | G36: =#REF! -> #REF! | H36: =#REF! -> #REF! | I36: =#REF! -> #REF! | J36: =IF(D36<>"Valid","",SUM(E36:F36)) -> #REF! | K36: =IF(D36<>"Valid","",SUM(G36:I36)) -> #REF! | L36: =IF(D36<>"Valid","",#REF!*0.4+#REF!*0.6) -> #REF! | N36: =IF(D36<>"Valid","Not Assessed (Insufficient Valid Data)",LOOKUP(L36,tblPerformanceCategory[Min],tblPerformanceCategory[Performance Category])) -> #REF! | O36: =IF(D36="Valid","Yes","No") -> #REF!
A37: =#REF! -> #REF! | B37: =#REF! -> #REF! | C37: =#REF! -> #REF! | D37: =#REF! -> #REF! | E37: =#REF! -> #REF! | F37: =#REF! -> #REF! | G37: =#REF! -> #REF! | H37: =#REF! -> #REF! | I37: =#REF! -> #REF! | J37: =IF(D37<>"Valid","",SUM(E37:F37)) -> #REF! | K37: =IF(D37<>"Valid","",SUM(G37:I37)) -> #REF! | L37: =IF($D37<>"Valid",0,IFERROR(AVERAGE(#REF!,#REF!),0)) -> #REF! | M37: =IF(ISNUMBER(L37),_xlfn.RANK.EQ(L37,$L$2:$L$500,0),"") | N37: =IF(L37=0, "Not Assessed", IF(L37>=0.85,"Very High Performance", IF(L37>=0.7,"High Performance", IF(L37>=0.55,"Moderate Performance", IF(L37>=0.4,"Low Performance", "Very Low Performance"))))) -> #REF! | O37: =IF($L37=0, "Failed minimum data validation; requires contextual review in FSF.", "Ready for contextual review in FSF.") -> #REF!
A38: =#REF! -> #REF! | B38: =#REF! -> #REF! | C38: =#REF! -> #REF! | D38: =#REF! -> #REF! | E38: =#REF! -> #REF! | F38: =#REF! -> #REF! | G38: =#REF! -> #REF! | H38: =#REF! -> #REF! | I38: =#REF! -> #REF! | J38: =IF(D38<>"Valid","",SUM(E38:F38)) -> #REF! | K38: =IF(D38<>"Valid","",SUM(G38:I38)) -> #REF! | L38: =IF(D38<>"Valid","",#REF!*0.4+#REF!*0.6) -> #REF! | N38: =IF(D38<>"Valid","Not Assessed (Insufficient Valid Data)",LOOKUP(L38,tblPerformanceCategory[Min],tblPerformanceCategory[Performance Category])) -> #REF! | O38: =IF(D38="Valid","Yes","No") -> #REF!
A39: =Derived_Indicators!A39 -> Abuja Municipal Area Council | B39: =Derived_Indicators!B39 -> Jiwa Ward | C39: =Derived_Indicators!C39 -> Bassan Jiwan Primary Health Care Centre | D39: =Derived_Indicators!Q39 -> Valid | E39: =Derived_Indicators!D39 -> 0.94090909 | F39: =Derived_Indicators!E39 -> 0.58333333 | G39: =Derived_Indicators!K39 -> 0.90493601 | H39: =Derived_Indicators!M39 -> 0.38139535 | I39: =Derived_Indicators!N39 -> 0.10697674 | J39: =IF($D39<>"Valid","",AVERAGE(E39:F39)) -> 0.76212121 | K39: =IF($D39<>"Valid","",AVERAGE(G39:I39)) -> 0.46443604 | L39: =IF($D39<>"Valid","",AVERAGE(J39,K39)) -> 0.61327862 | M39: =IF(AND($D39="Valid",ISNUMBER(L39)),RANK(L39,$L$2:$L$500,0),"") -> #REF! | N39: =IF(L39="", "Not Assessed", IF(L39>=0.85,"Excellent", IF(L39>=0.7,"Good", IF(L39>=0.55,"Moderate", IF(L39>=0.4,"Low", "Very Low"))))) -> Moderate | O39: =IF($D39<>"Valid", "Failed data validation; excluded from HFSI and requires contextual review in the Health Facility Selection Framework (HFSF).", "Eligible for contextual assessment using the Health Facility Selection Framework (HFSF).") -> Eligible for contextual assessment using the Health Facility Selection Framework (HFSF).
A40: =#REF! -> #REF! | B40: =#REF! -> #REF! | C40: =#REF! -> #REF! | D40: =#REF! -> #REF! | E40: =#REF! -> #REF! | F40: =#REF! -> #REF! | G40: =#REF! -> #REF! | H40: =#REF! -> #REF! | I40: =#REF! -> #REF! | J40: =IF(D40<>"Valid","",SUM(E40:F40)) -> #REF! | K40: =IF(D40<>"Valid","",SUM(G40:I40)) -> #REF! | L40: =IF($D40<>"Valid",0,IFERROR(AVERAGE(#REF!,#REF!),0)) -> #REF! | M40: =IF(ISNUMBER(L40),_xlfn.RANK.EQ(L40,$L$2:$L$500,0),"") | N40: =IF(L40=0, "Not Assessed", IF(L40>=0.85,"Very High Performance", IF(L40>=0.7,"High Performance", IF(L40>=0.55,"Moderate Performance", IF(L40>=0.4,"Low Performance", "Very Low Performance"))))) -> #REF! | O40: =IF($L40=0, "Failed minimum data validation; requires contextual review in FSF.", "Ready for contextual review in FSF.") -> #REF!
A41: =#REF! -> #REF! | B41: =#REF! -> #REF! | C41: =#REF! -> #REF! | D41: =#REF! -> #REF! | E41: =#REF! -> #REF! | F41: =#REF! -> #REF! | G41: =#REF! -> #REF! | H41: =#REF! -> #REF! | I41: =#REF! -> #REF! | J41: =IF(D41<>"Valid","",SUM(E41:F41)) -> #REF! | K41: =IF(D41<>"Valid","",SUM(G41:I41)) -> #REF! | L41: =IF(D41<>"Valid","",#REF!*0.4+#REF!*0.6) -> #REF! | N41: =IF(D41<>"Valid","Not Assessed (Insufficient Valid Data)",LOOKUP(L41,tblPerformanceCategory[Min],tblPerformanceCategory[Performance Category])) -> #REF! | O41: =IF(D41="Valid","Yes","No") -> #REF!
A42: =#REF! -> #REF! | B42: =#REF! -> #REF! | C42: =#REF! -> #REF! | D42: =#REF! -> #REF! | E42: =#REF! -> #REF! | F42: =#REF! -> #REF! | G42: =#REF! -> #REF! | H42: =#REF! -> #REF! | I42: =#REF! -> #REF! | J42: =IF(D42<>"Valid","",SUM(E42:F42)) -> #REF! | K42: =IF(D42<>"Valid","",SUM(G42:I42)) -> #REF! | L42: =IF($D42<>"Valid",0,IFERROR(AVERAGE(#REF!,#REF!),0)) -> #REF! | M42: =IF(ISNUMBER(L42),_xlfn.RANK.EQ(L42,$L$2:$L$500,0),"") | N42: =IF(L42=0, "Not Assessed", IF(L42>=0.85,"Very High Performance", IF(L42>=0.7,"High Performance", IF(L42>=0.55,"Moderate Performance", IF(L42>=0.4,"Low Performance", "Very Low Performance"))))) -> #REF! | O42: =IF($L42=0, "Failed minimum data validation; requires contextual review in FSF.", "Ready for contextual review in FSF.") -> #REF!
A43: =#REF! -> #REF! | B43: =#REF! -> #REF! | C43: =#REF! -> #REF! | D43: =#REF! -> #REF! | E43: =#REF! -> #REF! | F43: =#REF! -> #REF! | G43: =#REF! -> #REF! | H43: =#REF! -> #REF! | I43: =#REF! -> #REF! | J43: =IF(D43<>"Valid","",SUM(E43:F43)) -> #REF! | K43: =IF(D43<>"Valid","",SUM(G43:I43)) -> #REF! | L43: =IF(D43<>"Valid","",#REF!*0.4+#REF!*0.6) -> #REF! | N43: =IF(D43<>"Valid","Not Assessed (Insufficient Valid Data)",LOOKUP(L43,tblPerformanceCategory[Min],tblPerformanceCategory[Performance Category])) -> #REF! | O43: =IF(D43="Valid","Yes","No") -> #REF!
A44: =#REF! -> #REF! | B44: =#REF! -> #REF! | C44: =#REF! -> #REF! | D44: =#REF! -> #REF! | E44: =#REF! -> #REF! | F44: =#REF! -> #REF! | G44: =#REF! -> #REF! | H44: =#REF! -> #REF! | I44: =#REF! -> #REF! | J44: =IF(D44<>"Valid","",SUM(E44:F44)) -> #REF! | K44: =IF(D44<>"Valid","",SUM(G44:I44)) -> #REF! | L44: =IF($D44<>"Valid",0,IFERROR(AVERAGE(#REF!,#REF!),0)) -> #REF! | M44: =IF(ISNUMBER(L44),_xlfn.RANK.EQ(L44,$L$2:$L$500,0),"") | N44: =IF(L44=0, "Not Assessed", IF(L44>=0.85,"Very High Performance", IF(L44>=0.7,"High Performance", IF(L44>=0.55,"Moderate Performance", IF(L44>=0.4,"Low Performance", "Very Low Performance"))))) -> #REF! | O44: =IF($L44=0, "Failed minimum data validation; requires contextual review in FSF.", "Ready for contextual review in FSF.") -> #REF!
A45: =#REF! -> #REF! | B45: =#REF! -> #REF! | C45: =#REF! -> #REF! | D45: =#REF! -> #REF! | E45: =#REF! -> #REF! | F45: =#REF! -> #REF! | G45: =#REF! -> #REF! | H45: =#REF! -> #REF! | I45: =#REF! -> #REF! | J45: =IF(D45<>"Valid","",SUM(E45:F45)) -> #REF! | K45: =IF(D45<>"Valid","",SUM(G45:I45)) -> #REF! | L45: =IF(D45<>"Valid","",#REF!*0.4+#REF!*0.6) -> #REF! | N45: =IF(D45<>"Valid","Not Assessed (Insufficient Valid Data)",LOOKUP(L45,tblPerformanceCategory[Min],tblPerformanceCategory[Performance Category])) -> #REF! | O45: =IF(D45="Valid","Yes","No") -> #REF!
A46: =#REF! -> #REF! | B46: =#REF! -> #REF! | C46: =#REF! -> #REF! | D46: =#REF! -> #REF! | E46: =#REF! -> #REF! | F46: =#REF! -> #REF! | G46: =#REF! -> #REF! | H46: =#REF! -> #REF! | I46: =#REF! -> #REF! | J46: =IF(D46<>"Valid","",SUM(E46:F46)) -> #REF! | K46: =IF(D46<>"Valid","",SUM(G46:I46)) -> #REF! | L46: =IF($D46<>"Valid",0,IFERROR(AVERAGE(#REF!,#REF!),0)) -> #REF! | M46: =IF(ISNUMBER(L46),_xlfn.RANK.EQ(L46,$L$2:$L$500,0),"") | N46: =IF(L46=0, "Not Assessed", IF(L46>=0.85,"Very High Performance", IF(L46>=0.7,"High Performance", IF(L46>=0.55,"Moderate Performance", IF(L46>=0.4,"Low Performance", "Very Low Performance"))))) -> #REF! | O46: =IF($L46=0, "Failed minimum data validation; requires contextual review in FSF.", "Ready for contextual review in FSF.") -> #REF!
A47: =#REF! -> #REF! | B47: =#REF! -> #REF! | C47: =#REF! -> #REF! | D47: =#REF! -> #REF! | E47: =#REF! -> #REF! | F47: =#REF! -> #REF! | G47: =#REF! -> #REF! | H47: =#REF! -> #REF! | I47: =#REF! -> #REF! | J47: =IF(D47<>"Valid","",SUM(E47:F47)) -> #REF! | K47: =IF(D47<>"Valid","",SUM(G47:I47)) -> #REF! | L47: =IF($D47<>"Valid",0,IFERROR(AVERAGE(#REF!,#REF!),0)) -> #REF! | M47: =IF(ISNUMBER(L47),_xlfn.RANK.EQ(L47,$L$2:$L$500,0),"") | N47: =IF(L47=0, "Not Assessed", IF(L47>=0.85,"Very High Performance", IF(L47>=0.7,"High Performance", IF(L47>=0.55,"Moderate Performance", IF(L47>=0.4,"Low Performance", "Very Low Performance"))))) -> #REF! | O47: =IF($L47=0, "Failed minimum data validation; requires contextual review in FSF.", "Ready for contextual review in FSF.") -> #REF!
A48: =Derived_Indicators!A48 -> Bwari Local Government Area | B48: =Derived_Indicators!B48 -> Byazhin Ward | C48: =Derived_Indicators!C48 -> Byazhin Primary Health Center | D48: =Derived_Indicators!Q48 -> Invalid | E48: =Derived_Indicators!D48 -> 0.97777778 | F48: =Derived_Indicators!E48 -> 0.88888889 | G48: =Derived_Indicators!K48 -> 1.0910518 | H48: =Derived_Indicators!M48 -> 0.47659574 | I48: =Derived_Indicators!N48 -> 0.05212766 | J48: =IF($D48<>"Valid","",AVERAGE(E48:F48)) | K48: =IF($D48<>"Valid","",AVERAGE(G48:I48)) | L48: =IF($D48<>"Valid","",AVERAGE(J48,K48)) | M48: =IF(AND($D48="Valid",ISNUMBER(L48)),RANK(L48,$L$2:$L$500,0),"") | N48: =IF(L48="", "Not Assessed", IF(L48>=0.85,"Excellent", IF(L48>=0.7,"Good", IF(L48>=0.55,"Moderate", IF(L48>=0.4,"Low", "Very Low"))))) -> Not Assessed | O48: =IF($D48<>"Valid", "Failed data validation; excluded from HFSI and requires contextual review in the Health Facility Selection Framework (HFSF).", "Eligible for contextual assessment using the Health Facility Selection Framework (HFSF).") -> Failed data validation; excluded from HFSI and requires contextual review in the Health Facility Selection Framework (HFSF).
A49: =#REF! -> #REF! | B49: =#REF! -> #REF! | C49: =#REF! -> #REF! | D49: =#REF! -> #REF! | E49: =#REF! -> #REF! | F49: =#REF! -> #REF! | G49: =#REF! -> #REF! | H49: =#REF! -> #REF! | I49: =#REF! -> #REF! | J49: =IF(D49<>"Valid","",SUM(E49:F49)) -> #REF! | K49: =IF(D49<>"Valid","",SUM(G49:I49)) -> #REF! | L49: =IF($D49<>"Valid",0,IFERROR(AVERAGE(#REF!,#REF!),0)) -> #REF! | M49: =IF(ISNUMBER(L49),_xlfn.RANK.EQ(L49,$L$2:$L$500,0),"") | N49: =IF(L49=0, "Not Assessed", IF(L49>=0.85,"Very High Performance", IF(L49>=0.7,"High Performance", IF(L49>=0.55,"Moderate Performance", IF(L49>=0.4,"Low Performance", "Very Low Performance"))))) -> #REF! | O49: =IF($L49=0, "Failed minimum data validation; requires contextual review in FSF.", "Ready for contextual review in FSF.") -> #REF!
A50: =#REF! -> #REF! | B50: =#REF! -> #REF! | C50: =#REF! -> #REF! | D50: =#REF! -> #REF! | E50: =#REF! -> #REF! | F50: =#REF! -> #REF! | G50: =#REF! -> #REF! | H50: =#REF! -> #REF! | I50: =#REF! -> #REF! | J50: =IF(D50<>"Valid","",SUM(E50:F50)) -> #REF! | K50: =IF(D50<>"Valid","",SUM(G50:I50)) -> #REF! | L50: =IF($D50<>"Valid",0,IFERROR(AVERAGE(#REF!,#REF!),0)) -> #REF! | M50: =IF(ISNUMBER(L50),_xlfn.RANK.EQ(L50,$L$2:$L$500,0),"") | N50: =IF(L50=0, "Not Assessed", IF(L50>=0.85,"Very High Performance", IF(L50>=0.7,"High Performance", IF(L50>=0.55,"Moderate Performance", IF(L50>=0.4,"Low Performance", "Very Low Performance"))))) -> #REF! | O50: =IF($L50=0, "Failed minimum data validation; requires contextual review in FSF.", "Ready for contextual review in FSF.") -> #REF!
A51: =#REF! -> #REF! | B51: =#REF! -> #REF! | C51: =#REF! -> #REF! | D51: =#REF! -> #REF! | E51: =#REF! -> #REF! | F51: =#REF! -> #REF! | G51: =#REF! -> #REF! | H51: =#REF! -> #REF! | I51: =#REF! -> #REF! | J51: =IF(D51<>"Valid","",SUM(E51:F51)) -> #REF! | K51: =IF(D51<>"Valid","",SUM(G51:I51)) -> #REF! | L51: =IF(D51<>"Valid","",#REF!*0.4+#REF!*0.6) -> #REF! | N51: =IF(D51<>"Valid","Not Assessed (Insufficient Valid Data)",LOOKUP(L51,tblPerformanceCategory[Min],tblPerformanceCategory[Performance Category])) -> #REF! | O51: =IF(D51="Valid","Yes","No") -> #REF!
A52: =#REF! -> #REF! | B52: =#REF! -> #REF! | C52: =#REF! -> #REF! | D52: =#REF! -> #REF! | E52: =#REF! -> #REF! | F52: =#REF! -> #REF! | G52: =#REF! -> #REF! | H52: =#REF! -> #REF! | I52: =#REF! -> #REF! | J52: =IF(D52<>"Valid","",SUM(E52:F52)) -> #REF! | K52: =IF(D52<>"Valid","",SUM(G52:I52)) -> #REF! | L52: =IF(D52<>"Valid","",#REF!*0.4+#REF!*0.6) -> #REF! | N52: =IF(D52<>"Valid","Not Assessed (Insufficient Valid Data)",LOOKUP(L52,tblPerformanceCategory[Min],tblPerformanceCategory[Performance Category])) -> #REF! | O52: =IF(D52="Valid","Yes","No") -> #REF!
A53: =#REF! -> #REF! | B53: =#REF! -> #REF! | C53: =#REF! -> #REF! | D53: =#REF! -> #REF! | E53: =#REF! -> #REF! | F53: =#REF! -> #REF! | G53: =#REF! -> #REF! | H53: =#REF! -> #REF! | I53: =#REF! -> #REF! | J53: =IF(D53<>"Valid","",SUM(E53:F53)) -> #REF! | K53: =IF(D53<>"Valid","",SUM(G53:I53)) -> #REF! | L53: =IF(D53<>"Valid","",#REF!*0.4+#REF!*0.6) -> #REF! | N53: =IF(D53<>"Valid","Not Assessed (Insufficient Valid Data)",LOOKUP(L53,tblPerformanceCategory[Min],tblPerformanceCategory[Performance Category])) -> #REF! | O53: =IF(D53="Valid","Yes","No") -> #REF!
A54: =#REF! -> #REF! | B54: =#REF! -> #REF! | C54: =#REF! -> #REF! | D54: =#REF! -> #REF! | E54: =#REF! -> #REF! | F54: =#REF! -> #REF! | G54: =#REF! -> #REF! | H54: =#REF! -> #REF! | I54: =#REF! -> #REF! | J54: =IF(D54<>"Valid","",SUM(E54:F54)) -> #REF! | K54: =IF(D54<>"Valid","",SUM(G54:I54)) -> #REF! | L54: =IF($D54<>"Valid",0,IFERROR(AVERAGE(#REF!,#REF!),0)) -> #REF! | M54: =IF(ISNUMBER(L54),_xlfn.RANK.EQ(L54,$L$2:$L$500,0),"") | N54: =IF(L54=0, "Not Assessed", IF(L54>=0.85,"Very High Performance", IF(L54>=0.7,"High Performance", IF(L54>=0.55,"Moderate Performance", IF(L54>=0.4,"Low Performance", "Very Low Performance"))))) -> #REF! | O54: =IF($L54=0, "Failed minimum data validation; requires contextual review in FSF.", "Ready for contextual review in FSF.") -> #REF!
A55: =#REF! -> #REF! | B55: =#REF! -> #REF! | C55: =#REF! -> #REF! | D55: =#REF! -> #REF! | E55: =#REF! -> #REF! | F55: =#REF! -> #REF! | G55: =#REF! -> #REF! | H55: =#REF! -> #REF! | I55: =#REF! -> #REF! | J55: =IF(D55<>"Valid","",SUM(E55:F55)) -> #REF! | K55: =IF(D55<>"Valid","",SUM(G55:I55)) -> #REF! | L55: =IF($D55<>"Valid",0,IFERROR(AVERAGE(#REF!,#REF!),0)) -> #REF! | M55: =IF(ISNUMBER(L55),_xlfn.RANK.EQ(L55,$L$2:$L$500,0),"") | N55: =IF(L55=0, "Not Assessed", IF(L55>=0.85,"Very High Performance", IF(L55>=0.7,"High Performance", IF(L55>=0.55,"Moderate Performance", IF(L55>=0.4,"Low Performance", "Very Low Performance"))))) -> #REF! | O55: =IF($L55=0, "Failed minimum data validation; requires contextual review in FSF.", "Ready for contextual review in FSF.") -> #REF!
A56: =#REF! -> #REF! | B56: =#REF! -> #REF! | C56: =#REF! -> #REF! | D56: =#REF! -> #REF! | E56: =#REF! -> #REF! | F56: =#REF! -> #REF! | G56: =#REF! -> #REF! | H56: =#REF! -> #REF! | I56: =#REF! -> #REF! | J56: =IF(D56<>"Valid","",SUM(E56:F56)) -> #REF! | K56: =IF(D56<>"Valid","",SUM(G56:I56)) -> #REF! | L56: =IF(D56<>"Valid","",#REF!*0.4+#REF!*0.6) -> #REF! | N56: =IF(D56<>"Valid","Not Assessed (Insufficient Valid Data)",LOOKUP(L56,tblPerformanceCategory[Min],tblPerformanceCategory[Performance Category])) -> #REF! | O56: =IF(D56="Valid","Yes","No") -> #REF!
A57: =Derived_Indicators!A57 -> Abuja Municipal Area Council | B57: =Derived_Indicators!B57 -> Orozo Ward | C57: =Derived_Indicators!C57 -> Chorin-Bisa Primary Health Centre | D57: =Derived_Indicators!Q57 -> Incomplete | E57: =Derived_Indicators!D57 -> 0.93181818 | F57: =Derived_Indicators!E57 | G57: =Derived_Indicators!K57 -> 1.1532258 | H57: =Derived_Indicators!M57 -> 0.1682243 | I57: =Derived_Indicators!N57 | J57: =IF($D57<>"Valid","",AVERAGE(E57:F57)) | K57: =IF($D57<>"Valid","",AVERAGE(G57:I57)) | L57: =IF($D57<>"Valid","",AVERAGE(J57,K57)) | M57: =IF(AND($D57="Valid",ISNUMBER(L57)),RANK(L57,$L$2:$L$500,0),"") | N57: =IF(L57="", "Not Assessed", IF(L57>=0.85,"Excellent", IF(L57>=0.7,"Good", IF(L57>=0.55,"Moderate", IF(L57>=0.4,"Low", "Very Low"))))) -> Not Assessed | O57: =IF($D57<>"Valid", "Failed data validation; excluded from HFSI and requires contextual review in the Health Facility Selection Framework (HFSF).", "Eligible for contextual assessment using the Health Facility Selection Framework (HFSF).") -> Failed data validation; excluded from HFSI and requires contextual review in the Health Facility Selection Framework (HFSF).
A58: =#REF! -> #REF! | B58: =#REF! -> #REF! | C58: =#REF! -> #REF! | D58: =#REF! -> #REF! | E58: =#REF! -> #REF! | F58: =#REF! -> #REF! | G58: =#REF! -> #REF! | H58: =#REF! -> #REF! | I58: =#REF! -> #REF! | J58: =IF(D58<>"Valid","",SUM(E58:F58)) -> #REF! | K58: =IF(D58<>"Valid","",SUM(G58:I58)) -> #REF! | L58: =IF(D58<>"Valid","",#REF!*0.4+#REF!*0.6) -> #REF! | N58: =IF(D58<>"Valid","Not Assessed (Insufficient Valid Data)",LOOKUP(L58,tblPerformanceCategory[Min],tblPerformanceCategory[Performance Category])) -> #REF! | O58: =IF(D58="Valid","Yes","No") -> #REF!
A59: =#REF! -> #REF! | B59: =#REF! -> #REF! | C59: =#REF! -> #REF! | D59: =#REF! -> #REF! | E59: =#REF! -> #REF! | F59: =#REF! -> #REF! | G59: =#REF! -> #REF! | H59: =#REF! -> #REF! | I59: =#REF! -> #REF! | J59: =IF(D59<>"Valid","",SUM(E59:F59)) -> #REF! | K59: =IF(D59<>"Valid","",SUM(G59:I59)) -> #REF! | L59: =IF(D59<>"Valid","",#REF!*0.4+#REF!*0.6) -> #REF! | N59: =IF(D59<>"Valid","Not Assessed (Insufficient Valid Data)",LOOKUP(L59,tblPerformanceCategory[Min],tblPerformanceCategory[Performance Category])) -> #REF! | O59: =IF(D59="Valid","Yes","No") -> #REF!
A60: =#REF! -> #REF! | B60: =#REF! -> #REF! | C60: =#REF! -> #REF! | D60: =#REF! -> #REF! | E60: =#REF! -> #REF! | F60: =#REF! -> #REF! | G60: =#REF! -> #REF! | H60: =#REF! -> #REF! | I60: =#REF! -> #REF! | J60: =IF(D60<>"Valid","",SUM(E60:F60)) -> #REF! | K60: =IF(D60<>"Valid","",SUM(G60:I60)) -> #REF! | L60: =IF($D60<>"Valid",0,IFERROR(AVERAGE(#REF!,#REF!),0)) -> #REF! | M60: =IF(ISNUMBER(L60),_xlfn.RANK.EQ(L60,$L$2:$L$500,0),"") | N60: =IF(L60=0, "Not Assessed", IF(L60>=0.85,"Very High Performance", IF(L60>=0.7,"High Performance", IF(L60>=0.55,"Moderate Performance", IF(L60>=0.4,"Low Performance", "Very Low Performance"))))) -> #REF! | O60: =IF($L60=0, "Failed minimum data validation; requires contextual review in FSF.", "Ready for contextual review in FSF.") -> #REF!
A61: =Derived_Indicators!A61 -> Abuja Municipal Area Council | B61: =Derived_Indicators!B61 -> Karu Ward | C61: =Derived_Indicators!C61 -> Cornelian Jubilee Hospital (Jikwoyi) | D61: =Derived_Indicators!Q61 -> Invalid | E61: =Derived_Indicators!D61 | F61: =Derived_Indicators!E61 | G61: =Derived_Indicators!K61 -> 0.81818182 | H61: =Derived_Indicators!M61 -> 1.3333333 | I61: =Derived_Indicators!N61 -> 0.33333333 | J61: =IF($D61<>"Valid","",AVERAGE(E61:F61)) | K61: =IF($D61<>"Valid","",AVERAGE(G61:I61)) | L61: =IF($D61<>"Valid","",AVERAGE(J61,K61)) | M61: =IF(AND($D61="Valid",ISNUMBER(L61)),RANK(L61,$L$2:$L$500,0),"") | N61: =IF(L61="", "Not Assessed", IF(L61>=0.85,"Excellent", IF(L61>=0.7,"Good", IF(L61>=0.55,"Moderate", IF(L61>=0.4,"Low", "Very Low"))))) -> Not Assessed | O61: =IF($D61<>"Valid", "Failed data validation; excluded from HFSI and requires contextual review in the Health Facility Selection Framework (HFSF).", "Eligible for contextual assessment using the Health Facility Selection Framework (HFSF).") -> Failed data validation; excluded from HFSI and requires contextual review in the Health Facility Selection Framework (HFSF).
A62: =#REF! -> #REF! | B62: =#REF! -> #REF! | C62: =#REF! -> #REF! | D62: =#REF! -> #REF! | E62: =#REF! -> #REF! | F62: =#REF! -> #REF! | G62: =#REF! -> #REF! | H62: =#REF! -> #REF! | I62: =#REF! -> #REF! | J62: =IF(D62<>"Valid","",SUM(E62:F62)) -> #REF! | K62: =IF(D62<>"Valid","",SUM(G62:I62)) -> #REF! | L62: =IF($D62<>"Valid",0,IFERROR(AVERAGE(#REF!,#REF!),0)) -> #REF! | M62: =IF(ISNUMBER(L62),_xlfn.RANK.EQ(L62,$L$2:$L$500,0),"") | N62: =IF(L62=0, "Not Assessed", IF(L62>=0.85,"Very High Performance", IF(L62>=0.7,"High Performance", IF(L62>=0.55,"Moderate Performance", IF(L62>=0.4,"Low Performance", "Very Low Performance"))))) -> #REF! | O62: =IF($L62=0, "Failed minimum data validation; requires contextual review in FSF.", "Ready for contextual review in FSF.") -> #REF!
A63: =Derived_Indicators!A63 -> Abuja Municipal Area Council | B63: =Derived_Indicators!B63 -> City Centre Ward | C63: =Derived_Indicators!C63 -> Crystal Paediatric Clinic | D63: =Derived_Indicators!Q63 -> No Data | E63: =Derived_Indicators!D63 -> 1 | F63: =Derived_Indicators!E63 | G63: =Derived_Indicators!K63 -> 0.86956522 | H63: =Derived_Indicators!M63 | I63: =Derived_Indicators!N63 | J63: =IF($D63<>"Valid","",AVERAGE(E63:F63)) | K63: =IF($D63<>"Valid","",AVERAGE(G63:I63)) | L63: =IF($D63<>"Valid","",AVERAGE(J63,K63)) | M63: =IF(AND($D63="Valid",ISNUMBER(L63)),RANK(L63,$L$2:$L$500,0),"") | N63: =IF(L63="", "Not Assessed", IF(L63>=0.85,"Excellent", IF(L63>=0.7,"Good", IF(L63>=0.55,"Moderate", IF(L63>=0.4,"Low", "Very Low"))))) -> Not Assessed | O63: =IF($D63<>"Valid", "Failed data validation; excluded from HFSI and requires contextual review in the Health Facility Selection Framework (HFSF).", "Eligible for contextual assessment using the Health Facility Selection Framework (HFSF).") -> Failed data validation; excluded from HFSI and requires contextual review in the Health Facility Selection Framework (HFSF).
A64: =#REF! -> #REF! | B64: =#REF! -> #REF! | C64: =#REF! -> #REF! | D64: =#REF! -> #REF! | E64: =#REF! -> #REF! | F64: =#REF! -> #REF! | G64: =#REF! -> #REF! | H64: =#REF! -> #REF! | I64: =#REF! -> #REF! | J64: =IF(D64<>"Valid","",SUM(E64:F64)) -> #REF! | K64: =IF(D64<>"Valid","",SUM(G64:I64)) -> #REF! | L64: =IF(D64<>"Valid","",#REF!*0.4+#REF!*0.6) -> #REF! | N64: =IF(D64<>"Valid","Not Assessed (Insufficient Valid Data)",LOOKUP(L64,tblPerformanceCategory[Min],tblPerformanceCategory[Performance Category])) -> #REF! | O64: =IF(D64="Valid","Yes","No") -> #REF!
A65: =#REF! -> #REF! | B65: =#REF! -> #REF! | C65: =#REF! -> #REF! | D65: =#REF! -> #REF! | E65: =#REF! -> #REF! | F65: =#REF! -> #REF! | G65: =#REF! -> #REF! | H65: =#REF! -> #REF! | I65: =#REF! -> #REF! | J65: =IF(D65<>"Valid","",SUM(E65:F65)) -> #REF! | K65: =IF(D65<>"Valid","",SUM(G65:I65)) -> #REF! | L65: =IF(D65<>"Valid","",#REF!*0.4+#REF!*0.6) -> #REF! | N65: =IF(D65<>"Valid","Not Assessed (Insufficient Valid Data)",LOOKUP(L65,tblPerformanceCategory[Min],tblPerformanceCategory[Performance Category])) -> #REF! | O65: =IF(D65="Valid","Yes","No") -> #REF!
A66: =#REF! -> #REF! | B66: =#REF! -> #REF! | C66: =#REF! -> #REF! | D66: =#REF! -> #REF! | E66: =#REF! -> #REF! | F66: =#REF! -> #REF! | G66: =#REF! -> #REF! | H66: =#REF! -> #REF! | I66: =#REF! -> #REF! | J66: =IF(D66<>"Valid","",SUM(E66:F66)) -> #REF! | K66: =IF(D66<>"Valid","",SUM(G66:I66)) -> #REF! | L66: =IF(D66<>"Valid","",#REF!*0.4+#REF!*0.6) -> #REF! | N66: =IF(D66<>"Valid","Not Assessed (Insufficient Valid Data)",LOOKUP(L66,tblPerformanceCategory[Min],tblPerformanceCategory[Performance Category])) -> #REF! | O66: =IF(D66="Valid","Yes","No") -> #REF!
A67: =#REF! -> #REF! | B67: =#REF! -> #REF! | C67: =#REF! -> #REF! | D67: =#REF! -> #REF! | E67: =#REF! -> #REF! | F67: =#REF! -> #REF! | G67: =#REF! -> #REF! | H67: =#REF! -> #REF! | I67: =#REF! -> #REF! | J67: =IF(D67<>"Valid","",SUM(E67:F67)) -> #REF! | K67: =IF(D67<>"Valid","",SUM(G67:I67)) -> #REF! | L67: =IF(D67<>"Valid","",#REF!*0.4+#REF!*0.6) -> #REF! | N67: =IF(D67<>"Valid","Not Assessed (Insufficient Valid Data)",LOOKUP(L67,tblPerformanceCategory[Min],tblPerformanceCategory[Performance Category])) -> #REF! | O67: =IF(D67="Valid","Yes","No") -> #REF!
A68: =Derived_Indicators!A68 -> Abuja Municipal Area Council | B68: =Derived_Indicators!B68 -> Jiwa Ward | C68: =Derived_Indicators!C68 -> Dakwa Dantata Primary Health Clinic | D68: =Derived_Indicators!Q68 -> Invalid | E68: =Derived_Indicators!D68 -> 1.0833333 | F68: =Derived_Indicators!E68 | G68: =Derived_Indicators!K68 -> 1.0069686 | H68: =Derived_Indicators!M68 -> 0.22307692 | I68: =Derived_Indicators!N68 -> 0.0076923077 | J68: =IF($D68<>"Valid","",AVERAGE(E68:F68)) | K68: =IF($D68<>"Valid","",AVERAGE(G68:I68)) | L68: =IF($D68<>"Valid","",AVERAGE(J68,K68)) | M68: =IF(AND($D68="Valid",ISNUMBER(L68)),RANK(L68,$L$2:$L$500,0),"") | N68: =IF(L68="", "Not Assessed", IF(L68>=0.85,"Excellent", IF(L68>=0.7,"Good", IF(L68>=0.55,"Moderate", IF(L68>=0.4,"Low", "Very Low"))))) -> Not Assessed | O68: =IF($D68<>"Valid", "Failed data validation; excluded from HFSI and requires contextual review in the Health Facility Selection Framework (HFSF).", "Eligible for contextual assessment using the Health Facility Selection Framework (HFSF).") -> Failed data validation; excluded from HFSI and requires contextual review in the Health Facility Selection Framework (HFSF).
A69: =#REF! -> #REF! | B69: =#REF! -> #REF! | C69: =#REF! -> #REF! | D69: =#REF! -> #REF! | E69: =#REF! -> #REF! | F69: =#REF! -> #REF! | G69: =#REF! -> #REF! | H69: =#REF! -> #REF! | I69: =#REF! -> #REF! | J69: =IF(D69<>"Valid","",SUM(E69:F69)) -> #REF! | K69: =IF(D69<>"Valid","",SUM(G69:I69)) -> #REF! | L69: =IF($D69<>"Valid",0,IFERROR(AVERAGE(#REF!,#REF!),0)) -> #REF! | M69: =IF(ISNUMBER(L69),_xlfn.RANK.EQ(L69,$L$2:$L$500,0),"") | N69: =IF(L69=0, "Not Assessed", IF(L69>=0.85,"Very High Performance", IF(L69>=0.7,"High Performance", IF(L69>=0.55,"Moderate Performance", IF(L69>=0.4,"Low Performance", "Very Low Performance"))))) -> #REF! | O69: =IF($L69=0, "Failed minimum data validation; requires contextual review in FSF.", "Ready for contextual review in FSF.") -> #REF!
A70: =#REF! -> #REF! | B70: =#REF! -> #REF! | C70: =#REF! -> #REF! | D70: =#REF! -> #REF! | E70: =#REF! -> #REF! | F70: =#REF! -> #REF! | G70: =#REF! -> #REF! | H70: =#REF! -> #REF! | I70: =#REF! -> #REF! | J70: =IF(D70<>"Valid","",SUM(E70:F70)) -> #REF! | K70: =IF(D70<>"Valid","",SUM(G70:I70)) -> #REF! | L70: =IF($D70<>"Valid",0,IFERROR(AVERAGE(#REF!,#REF!),0)) -> #REF! | M70: =IF(ISNUMBER(L70),_xlfn.RANK.EQ(L70,$L$2:$L$500,0),"") | N70: =IF(L70=0, "Not Assessed", IF(L70>=0.85,"Very High Performance", IF(L70>=0.7,"High Performance", IF(L70>=0.55,"Moderate Performance", IF(L70>=0.4,"Low Performance", "Very Low Performance"))))) -> #REF! | O70: =IF($L70=0, "Failed minimum data validation; requires contextual review in FSF.", "Ready for contextual review in FSF.") -> #REF!
A71: =#REF! -> #REF! | B71: =#REF! -> #REF! | C71: =#REF! -> #REF! | D71: =#REF! -> #REF! | E71: =#REF! -> #REF! | F71: =#REF! -> #REF! | G71: =#REF! -> #REF! | H71: =#REF! -> #REF! | I71: =#REF! -> #REF! | J71: =IF(D71<>"Valid","",SUM(E71:F71)) -> #REF! | K71: =IF(D71<>"Valid","",SUM(G71:I71)) -> #REF! | L71: =IF(D71<>"Valid","",#REF!*0.4+#REF!*0.6) -> #REF! | N71: =IF(D71<>"Valid","Not Assessed (Insufficient Valid Data)",LOOKUP(L71,tblPerformanceCategory[Min],tblPerformanceCategory[Performance Category])) -> #REF! | O71: =IF(D71="Valid","Yes","No") -> #REF!
A72: =#REF! -> #REF! | B72: =#REF! -> #REF! | C72: =#REF! -> #REF! | D72: =#REF! -> #REF! | E72: =#REF! -> #REF! | F72: =#REF! -> #REF! | G72: =#REF! -> #REF! | H72: =#REF! -> #REF! | I72: =#REF! -> #REF! | J72: =IF(D72<>"Valid","",SUM(E72:F72)) -> #REF! | K72: =IF(D72<>"Valid","",SUM(G72:I72)) -> #REF! | L72: =IF(D72<>"Valid","",#REF!*0.4+#REF!*0.6) -> #REF! | N72: =IF(D72<>"Valid","Not Assessed (Insufficient Valid Data)",LOOKUP(L72,tblPerformanceCategory[Min],tblPerformanceCategory[Performance Category])) -> #REF! | O72: =IF(D72="Valid","Yes","No") -> #REF!
A73: =#REF! -> #REF! | B73: =#REF! -> #REF! | C73: =#REF! -> #REF! | D73: =#REF! -> #REF! | E73: =#REF! -> #REF! | F73: =#REF! -> #REF! | G73: =#REF! -> #REF! | H73: =#REF! -> #REF! | I73: =#REF! -> #REF! | J73: =IF(D73<>"Valid","",SUM(E73:F73)) -> #REF! | K73: =IF(D73<>"Valid","",SUM(G73:I73)) -> #REF! | L73: =IF(D73<>"Valid","",#REF!*0.4+#REF!*0.6) -> #REF! | N73: =IF(D73<>"Valid","Not Assessed (Insufficient Valid Data)",LOOKUP(L73,tblPerformanceCategory[Min],tblPerformanceCategory[Performance Category])) -> #REF! | O73: =IF(D73="Valid","Yes","No") -> #REF!
A74: =#REF! -> #REF! | B74: =#REF! -> #REF! | C74: =#REF! -> #REF! | D74: =#REF! -> #REF! | E74: =#REF! -> #REF! | F74: =#REF! -> #REF! | G74: =#REF! -> #REF! | H74: =#REF! -> #REF! | I74: =#REF! -> #REF! | J74: =IF(D74<>"Valid","",SUM(E74:F74)) -> #REF! | K74: =IF(D74<>"Valid","",SUM(G74:I74)) -> #REF! | L74: =IF(D74<>"Valid","",#REF!*0.4+#REF!*0.6) -> #REF! | N74: =IF(D74<>"Valid","Not Assessed (Insufficient Valid Data)",LOOKUP(L74,tblPerformanceCategory[Min],tblPerformanceCategory[Performance Category])) -> #REF! | O74: =IF(D74="Valid","Yes","No") -> #REF!
A75: =Derived_Indicators!A75 -> Bwari Local Government Area | B75: =Derived_Indicators!B75 -> Usuma Ward | C75: =Derived_Indicators!C75 -> Daughters of Charity St Vincent Hospital | D75: =Derived_Indicators!Q75 -> Valid | E75: =Derived_Indicators!D75 -> 0.8875 | F75: =Derived_Indicators!E75 | G75: =Derived_Indicators!K75 -> 0.85197368 | H75: =Derived_Indicators!M75 -> 0.80679785 | I75: =Derived_Indicators!N75 -> 0.51162791 | J75: =IF($D75<>"Valid","",AVERAGE(E75:F75)) -> 0.8875 | K75: =IF($D75<>"Valid","",AVERAGE(G75:I75)) -> 0.72346648 | L75: =IF($D75<>"Valid","",AVERAGE(J75,K75)) -> 0.80548324 | M75: =IF(AND($D75="Valid",ISNUMBER(L75)),RANK(L75,$L$2:$L$500,0),"") -> #REF! | N75: =IF(L75="", "Not Assessed", IF(L75>=0.85,"Excellent", IF(L75>=0.7,"Good", IF(L75>=0.55,"Moderate", IF(L75>=0.4,"Low", "Very Low"))))) -> Good | O75: =IF($D75<>"Valid", "Failed data validation; excluded from HFSI and requires contextual review in the Health Facility Selection Framework (HFSF).", "Eligible for contextual assessment using the Health Facility Selection Framework (HFSF).") -> Eligible for contextual assessment using the Health Facility Selection Framework (HFSF).
A76: =#REF! -> #REF! | B76: =#REF! -> #REF! | C76: =#REF! -> #REF! | D76: =#REF! -> #REF! | E76: =#REF! -> #REF! | F76: =#REF! -> #REF! | G76: =#REF! -> #REF! | H76: =#REF! -> #REF! | I76: =#REF! -> #REF! | J76: =IF(D76<>"Valid","",SUM(E76:F76)) -> #REF! | K76: =IF(D76<>"Valid","",SUM(G76:I76)) -> #REF! | L76: =IF($D76<>"Valid",0,IFERROR(AVERAGE(#REF!,#REF!),0)) -> #REF! | M76: =IF(ISNUMBER(L76),_xlfn.RANK.EQ(L76,$L$2:$L$500,0),"") | N76: =IF(L76=0, "Not Assessed", IF(L76>=0.85,"Very High Performance", IF(L76>=0.7,"High Performance", IF(L76>=0.55,"Moderate Performance", IF(L76>=0.4,"Low Performance", "Very Low Performance"))))) -> #REF! | O76: =IF($L76=0, "Failed minimum data validation; requires contextual review in FSF.", "Ready for contextual review in FSF.") -> #REF!
A77: =#REF! -> #REF! | B77: =#REF! -> #REF! | C77: =#REF! -> #REF! | D77: =#REF! -> #REF! | E77: =#REF! -> #REF! | F77: =#REF! -> #REF! | G77: =#REF! -> #REF! | H77: =#REF! -> #REF! | I77: =#REF! -> #REF! | J77: =IF(D77<>"Valid","",SUM(E77:F77)) -> #REF! | K77: =IF(D77<>"Valid","",SUM(G77:I77)) -> #REF! | L77: =IF($D77<>"Valid",0,IFERROR(AVERAGE(#REF!,#REF!),0)) -> #REF! | M77: =IF(ISNUMBER(L77),_xlfn.RANK.EQ(L77,$L$2:$L$500,0),"") | N77: =IF(L77=0, "Not Assessed", IF(L77>=0.85,"Very High Performance", IF(L77>=0.7,"High Performance", IF(L77>=0.55,"Moderate Performance", IF(L77>=0.4,"Low Performance", "Very Low Performance"))))) -> #REF! | O77: =IF($L77=0, "Failed minimum data validation; requires contextual review in FSF.", "Ready for contextual review in FSF.") -> #REF!
A78: =Derived_Indicators!A78 -> Bwari Local Government Area | B78: =Derived_Indicators!B78 -> Kubwa Ward | C78: =Derived_Indicators!C78 -> Dei Dei Primary Health Care Center | D78: =Derived_Indicators!Q78 -> Valid | E78: =Derived_Indicators!D78 -> 0.98863636 | F78: =Derived_Indicators!E78 -> 0.66665 | G78: =Derived_Indicators!K78 -> 0.84341637 | H78: =Derived_Indicators!M78 -> 0.33511586 | I78: =Derived_Indicators!N78 -> 0.026737968 | J78: =IF($D78<>"Valid","",AVERAGE(E78:F78)) -> 0.82764318 | K78: =IF($D78<>"Valid","",AVERAGE(G78:I78)) -> 0.40175673 | L78: =IF($D78<>"Valid","",AVERAGE(J78,K78)) -> 0.61469996 | M78: =IF(AND($D78="Valid",ISNUMBER(L78)),RANK(L78,$L$2:$L$500,0),"") -> #REF! | N78: =IF(L78="", "Not Assessed", IF(L78>=0.85,"Excellent", IF(L78>=0.7,"Good", IF(L78>=0.55,"Moderate", IF(L78>=0.4,"Low", "Very Low"))))) -> Moderate | O78: =IF($D78<>"Valid", "Failed data validation; excluded from HFSI and requires contextual review in the Health Facility Selection Framework (HFSF).", "Eligible for contextual assessment using the Health Facility Selection Framework (HFSF).") -> Eligible for contextual assessment using the Health Facility Selection Framework (HFSF).
A79: =#REF! -> #REF! | B79: =#REF! -> #REF! | C79: =#REF! -> #REF! | D79: =#REF! -> #REF! | E79: =#REF! -> #REF! | F79: =#REF! -> #REF! | G79: =#REF! -> #REF! | H79: =#REF! -> #REF! | I79: =#REF! -> #REF! | J79: =IF(D79<>"Valid","",SUM(E79:F79)) -> #REF! | K79: =IF(D79<>"Valid","",SUM(G79:I79)) -> #REF! | L79: =IF($D79<>"Valid",0,IFERROR(AVERAGE(#REF!,#REF!),0)) -> #REF! | M79: =IF(ISNUMBER(L79),_xlfn.RANK.EQ(L79,$L$2:$L$500,0),"") | N79: =IF(L79=0, "Not Assessed", IF(L79>=0.85,"Very High Performance", IF(L79>=0.7,"High Performance", IF(L79>=0.55,"Moderate Performance", IF(L79>=0.4,"Low Performance", "Very Low Performance"))))) -> #REF! | O79: =IF($L79=0, "Failed minimum data validation; requires contextual review in FSF.", "Ready for contextual review in FSF.") -> #REF!
A80: =#REF! -> #REF! | B80: =#REF! -> #REF! | C80: =#REF! -> #REF! | D80: =#REF! -> #REF! | E80: =#REF! -> #REF! | F80: =#REF! -> #REF! | G80: =#REF! -> #REF! | H80: =#REF! -> #REF! | I80: =#REF! -> #REF! | J80: =IF(D80<>"Valid","",SUM(E80:F80)) -> #REF! | K80: =IF(D80<>"Valid","",SUM(G80:I80)) -> #REF! | L80: =IF($D80<>"Valid",0,IFERROR(AVERAGE(#REF!,#REF!),0)) -> #REF! | M80: =IF(ISNUMBER(L80),_xlfn.RANK.EQ(L80,$L$2:$L$500,0),"") | N80: =IF(L80=0, "Not Assessed", IF(L80>=0.85,"Very High Performance", IF(L80>=0.7,"High Performance", IF(L80>=0.55,"Moderate Performance", IF(L80>=0.4,"Low Performance", "Very Low Performance"))))) -> #REF! | O80: =IF($L80=0, "Failed minimum data validation; requires contextual review in FSF.", "Ready for contextual review in FSF.") -> #REF!
A81: =Derived_Indicators!A81 -> Abuja Municipal Area Council | B81: =Derived_Indicators!B81 -> City Centre Ward | C81: =Derived_Indicators!C81 -> Diff Hospital | D81: =Derived_Indicators!Q81 -> Invalid | E81: =Derived_Indicators!D81 -> 1 | F81: =Derived_Indicators!E81 | G81: =Derived_Indicators!K81 -> 0.7826087 | H81: =Derived_Indicators!M81 -> 0.48348348 | I81: =Derived_Indicators!N81 -> 0.54654655 | J81: =IF($D81<>"Valid","",AVERAGE(E81:F81)) | K81: =IF($D81<>"Valid","",AVERAGE(G81:I81)) | L81: =IF($D81<>"Valid","",AVERAGE(J81,K81)) | M81: =IF(AND($D81="Valid",ISNUMBER(L81)),RANK(L81,$L$2:$L$500,0),"") | N81: =IF(L81="", "Not Assessed", IF(L81>=0.85,"Excellent", IF(L81>=0.7,"Good", IF(L81>=0.55,"Moderate", IF(L81>=0.4,"Low", "Very Low"))))) -> Not Assessed | O81: =IF($D81<>"Valid", "Failed data validation; excluded from HFSI and requires contextual review in the Health Facility Selection Framework (HFSF).", "Eligible for contextual assessment using the Health Facility Selection Framework (HFSF).") -> Failed data validation; excluded from HFSI and requires contextual review in the Health Facility Selection Framework (HFSF).
A82: =#REF! -> #REF! | B82: =#REF! -> #REF! | C82: =#REF! -> #REF! | D82: =#REF! -> #REF! | E82: =#REF! -> #REF! | F82: =#REF! -> #REF! | G82: =#REF! -> #REF! | H82: =#REF! -> #REF! | I82: =#REF! -> #REF! | J82: =IF(D82<>"Valid","",SUM(E82:F82)) -> #REF! | K82: =IF(D82<>"Valid","",SUM(G82:I82)) -> #REF! | L82: =IF($D82<>"Valid",0,IFERROR(AVERAGE(#REF!,#REF!),0)) -> #REF! | M82: =IF(ISNUMBER(L82),_xlfn.RANK.EQ(L82,$L$2:$L$500,0),"") | N82: =IF(L82=0, "Not Assessed", IF(L82>=0.85,"Very High Performance", IF(L82>=0.7,"High Performance", IF(L82>=0.55,"Moderate Performance", IF(L82>=0.4,"Low Performance", "Very Low Performance"))))) -> #REF! | O82: =IF($L82=0, "Failed minimum data validation; requires contextual review in FSF.", "Ready for contextual review in FSF.") -> #REF!
A83: =#REF! -> #REF! | B83: =#REF! -> #REF! | C83: =#REF! -> #REF! | D83: =#REF! -> #REF! | E83: =#REF! -> #REF! | F83: =#REF! -> #REF! | G83: =#REF! -> #REF! | H83: =#REF! -> #REF! | I83: =#REF! -> #REF! | J83: =IF(D83<>"Valid","",SUM(E83:F83)) -> #REF! | K83: =IF(D83<>"Valid","",SUM(G83:I83)) -> #REF! | L83: =IF($D83<>"Valid",0,IFERROR(AVERAGE(#REF!,#REF!),0)) -> #REF! | M83: =IF(ISNUMBER(L83),_xlfn.RANK.EQ(L83,$L$2:$L$500,0),"") | N83: =IF(L83=0, "Not Assessed", IF(L83>=0.85,"Very High Performance", IF(L83>=0.7,"High Performance", IF(L83>=0.55,"Moderate Performance", IF(L83>=0.4,"Low Performance", "Very Low Performance"))))) -> #REF! | O83: =IF($L83=0, "Failed minimum data validation; requires contextual review in FSF.", "Ready for contextual review in FSF.") -> #REF!
A84: =Derived_Indicators!A84 -> Abuja Municipal Area Council | B84: =Derived_Indicators!B84 -> Kabusa Ward | C84: =Derived_Indicators!C84 -> Dnakwo Primary Health Clinic | D84: =Derived_Indicators!Q84 -> Incomplete | E84: =Derived_Indicators!D84 -> 0.905 | F84: =Derived_Indicators!E84 | G84: =Derived_Indicators!K84 -> 1.3539326 | H84: =Derived_Indicators!M84 -> 0.44117647 | I84: =Derived_Indicators!N84 | J84: =IF($D84<>"Valid","",AVERAGE(E84:F84)) | K84: =IF($D84<>"Valid","",AVERAGE(G84:I84)) | L84: =IF($D84<>"Valid","",AVERAGE(J84,K84)) | M84: =IF(AND($D84="Valid",ISNUMBER(L84)),RANK(L84,$L$2:$L$500,0),"") | N84: =IF(L84="", "Not Assessed", IF(L84>=0.85,"Excellent", IF(L84>=0.7,"Good", IF(L84>=0.55,"Moderate", IF(L84>=0.4,"Low", "Very Low"))))) -> Not Assessed | O84: =IF($D84<>"Valid", "Failed data validation; excluded from HFSI and requires contextual review in the Health Facility Selection Framework (HFSF).", "Eligible for contextual assessment using the Health Facility Selection Framework (HFSF).") -> Failed data validation; excluded from HFSI and requires contextual review in the Health Facility Selection Framework (HFSF).
A85: =#REF! -> #REF! | B85: =#REF! -> #REF! | C85: =#REF! -> #REF! | D85: =#REF! -> #REF! | E85: =#REF! -> #REF! | F85: =#REF! -> #REF! | G85: =#REF! -> #REF! | H85: =#REF! -> #REF! | I85: =#REF! -> #REF! | J85: =IF(D85<>"Valid","",SUM(E85:F85)) -> #REF! | K85: =IF(D85<>"Valid","",SUM(G85:I85)) -> #REF! | L85: =IF(D85<>"Valid","",#REF!*0.4+#REF!*0.6) -> #REF! | N85: =IF(D85<>"Valid","Not Assessed (Insufficient Valid Data)",LOOKUP(L85,tblPerformanceCategory[Min],tblPerformanceCategory[Performance Category])) -> #REF! | O85: =IF(D85="Valid","Yes","No") -> #REF!
A86: =#REF! -> #REF! | B86: =#REF! -> #REF! | C86: =#REF! -> #REF! | D86: =#REF! -> #REF! | E86: =#REF! -> #REF! | F86: =#REF! -> #REF! | G86: =#REF! -> #REF! | H86: =#REF! -> #REF! | I86: =#REF! -> #REF! | J86: =IF(D86<>"Valid","",SUM(E86:F86)) -> #REF! | K86: =IF(D86<>"Valid","",SUM(G86:I86)) -> #REF! | L86: =IF(D86<>"Valid","",#REF!*0.4+#REF!*0.6) -> #REF! | N86: =IF(D86<>"Valid","Not Assessed (Insufficient Valid Data)",LOOKUP(L86,tblPerformanceCategory[Min],tblPerformanceCategory[Performance Category])) -> #REF! | O86: =IF(D86="Valid","Yes","No") -> #REF!
A87: =#REF! -> #REF! | B87: =#REF! -> #REF! | C87: =#REF! -> #REF! | D87: =#REF! -> #REF! | E87: =#REF! -> #REF! | F87: =#REF! -> #REF! | G87: =#REF! -> #REF! | H87: =#REF! -> #REF! | I87: =#REF! -> #REF! | J87: =IF(D87<>"Valid","",SUM(E87:F87)) -> #REF! | K87: =IF(D87<>"Valid","",SUM(G87:I87)) -> #REF! | L87: =IF($D87<>"Valid",0,IFERROR(AVERAGE(#REF!,#REF!),0)) -> #REF! | M87: =IF(ISNUMBER(L87),_xlfn.RANK.EQ(L87,$L$2:$L$500,0),"") | N87: =IF(L87=0, "Not Assessed", IF(L87>=0.85,"Very High Performance", IF(L87>=0.7,"High Performance", IF(L87>=0.55,"Moderate Performance", IF(L87>=0.4,"Low Performance", "Very Low Performance"))))) -> #REF! | O87: =IF($L87=0, "Failed minimum data validation; requires contextual review in FSF.", "Ready for contextual review in FSF.") -> #REF!
A88: =#REF! -> #REF! | B88: =#REF! -> #REF! | C88: =#REF! -> #REF! | D88: =#REF! -> #REF! | E88: =#REF! -> #REF! | F88: =#REF! -> #REF! | G88: =#REF! -> #REF! | H88: =#REF! -> #REF! | I88: =#REF! -> #REF! | J88: =IF(D88<>"Valid","",SUM(E88:F88)) -> #REF! | K88: =IF(D88<>"Valid","",SUM(G88:I88)) -> #REF! | L88: =IF(D88<>"Valid","",#REF!*0.4+#REF!*0.6) -> #REF! | N88: =IF(D88<>"Valid","Not Assessed (Insufficient Valid Data)",LOOKUP(L88,tblPerformanceCategory[Min],tblPerformanceCategory[Performance Category])) -> #REF! | O88: =IF(D88="Valid","Yes","No") -> #REF!
A89: =#REF! -> #REF! | B89: =#REF! -> #REF! | C89: =#REF! -> #REF! | D89: =#REF! -> #REF! | E89: =#REF! -> #REF! | F89: =#REF! -> #REF! | G89: =#REF! -> #REF! | H89: =#REF! -> #REF! | I89: =#REF! -> #REF! | J89: =IF(D89<>"Valid","",SUM(E89:F89)) -> #REF! | K89: =IF(D89<>"Valid","",SUM(G89:I89)) -> #REF! | L89: =IF(D89<>"Valid","",#REF!*0.4+#REF!*0.6) -> #REF! | N89: =IF(D89<>"Valid","Not Assessed (Insufficient Valid Data)",LOOKUP(L89,tblPerformanceCategory[Min],tblPerformanceCategory[Performance Category])) -> #REF! | O89: =IF(D89="Valid","Yes","No") -> #REF!
A90: =#REF! -> #REF! | B90: =#REF! -> #REF! | C90: =#REF! -> #REF! | D90: =#REF! -> #REF! | E90: =#REF! -> #REF! | F90: =#REF! -> #REF! | G90: =#REF! -> #REF! | H90: =#REF! -> #REF! | I90: =#REF! -> #REF! | J90: =IF(D90<>"Valid","",SUM(E90:F90)) -> #REF! | K90: =IF(D90<>"Valid","",SUM(G90:I90)) -> #REF! | L90: =IF($D90<>"Valid",0,IFERROR(AVERAGE(#REF!,#REF!),0)) -> #REF! | M90: =IF(ISNUMBER(L90),_xlfn.RANK.EQ(L90,$L$2:$L$500,0),"") | N90: =IF(L90=0, "Not Assessed", IF(L90>=0.85,"Very High Performance", IF(L90>=0.7,"High Performance", IF(L90>=0.55,"Moderate Performance", IF(L90>=0.4,"Low Performance", "Very Low Performance"))))) -> #REF! | O90: =IF($L90=0, "Failed minimum data validation; requires contextual review in FSF.", "Ready for contextual review in FSF.") -> #REF!
A91: =#REF! -> #REF! | B91: =#REF! -> #REF! | C91: =#REF! -> #REF! | D91: =#REF! -> #REF! | E91: =#REF! -> #REF! | F91: =#REF! -> #REF! | G91: =#REF! -> #REF! | H91: =#REF! -> #REF! | I91: =#REF! -> #REF! | J91: =IF(D91<>"Valid","",SUM(E91:F91)) -> #REF! | K91: =IF(D91<>"Valid","",SUM(G91:I91)) -> #REF! | L91: =IF($D91<>"Valid",0,IFERROR(AVERAGE(#REF!,#REF!),0)) -> #REF! | M91: =IF(ISNUMBER(L91),_xlfn.RANK.EQ(L91,$L$2:$L$500,0),"") | N91: =IF(L91=0, "Not Assessed", IF(L91>=0.85,"Very High Performance", IF(L91>=0.7,"High Performance", IF(L91>=0.55,"Moderate Performance", IF(L91>=0.4,"Low Performance", "Very Low Performance"))))) -> #REF! | O91: =IF($L91=0, "Failed minimum data validation; requires contextual review in FSF.", "Ready for contextual review in FSF.") -> #REF!
A92: =#REF! -> #REF! | B92: =#REF! -> #REF! | C92: =#REF! -> #REF! | D92: =#REF! -> #REF! | E92: =#REF! -> #REF! | F92: =#REF! -> #REF! | G92: =#REF! -> #REF! | H92: =#REF! -> #REF! | I92: =#REF! -> #REF! | J92: =IF(D92<>"Valid","",SUM(E92:F92)) -> #REF! | K92: =IF(D92<>"Valid","",SUM(G92:I92)) -> #REF! | L92: =IF($D92<>"Valid",0,IFERROR(AVERAGE(#REF!,#REF!),0)) -> #REF! | M92: =IF(ISNUMBER(L92),_xlfn.RANK.EQ(L92,$L$2:$L$500,0),"") | N92: =IF(L92=0, "Not Assessed", IF(L92>=0.85,"Very High Performance", IF(L92>=0.7,"High Performance", IF(L92>=0.55,"Moderate Performance", IF(L92>=0.4,"Low Performance", "Very Low Performance"))))) -> #REF! | O92: =IF($L92=0, "Failed minimum data validation; requires contextual review in FSF.", "Ready for contextual review in FSF.") -> #REF!
A93: =Derived_Indicators!A93 -> Bwari Local Government Area | B93: =Derived_Indicators!B93 -> Dutse Ward | C93: =Derived_Indicators!C93 -> Dutse Makaranta Primary Health Centre | D93: =Derived_Indicators!Q93 -> Valid | E93: =Derived_Indicators!D93 -> 0.98334 | F93: =Derived_Indicators!E93 -> 0.94444444 | G93: =Derived_Indicators!K93 -> 0.99108979 | H93: =Derived_Indicators!M93 -> 0.47794118 | I93: =Derived_Indicators!N93 -> 0.029411765 | J93: =IF($D93<>"Valid","",AVERAGE(E93:F93)) -> 0.96389222 | K93: =IF($D93<>"Valid","",AVERAGE(G93:I93)) -> 0.49948091 | L93: =IF($D93<>"Valid","",AVERAGE(J93,K93)) -> 0.73168657 | M93: =IF(AND($D93="Valid",ISNUMBER(L93)),RANK(L93,$L$2:$L$500,0),"") -> #REF! | N93: =IF(L93="", "Not Assessed", IF(L93>=0.85,"Excellent", IF(L93>=0.7,"Good", IF(L93>=0.55,"Moderate", IF(L93>=0.4,"Low", "Very Low"))))) -> Good | O93: =IF($D93<>"Valid", "Failed data validation; excluded from HFSI and requires contextual review in the Health Facility Selection Framework (HFSF).", "Eligible for contextual assessment using the Health Facility Selection Framework (HFSF).") -> Eligible for contextual assessment using the Health Facility Selection Framework (HFSF).
A94: =#REF! -> #REF! | B94: =#REF! -> #REF! | C94: =#REF! -> #REF! | D94: =#REF! -> #REF! | E94: =#REF! -> #REF! | F94: =#REF! -> #REF! | G94: =#REF! -> #REF! | H94: =#REF! -> #REF! | I94: =#REF! -> #REF! | J94: =IF(D94<>"Valid","",SUM(E94:F94)) -> #REF! | K94: =IF(D94<>"Valid","",SUM(G94:I94)) -> #REF! | L94: =IF($D94<>"Valid",0,IFERROR(AVERAGE(#REF!,#REF!),0)) -> #REF! | M94: =IF(ISNUMBER(L94),_xlfn.RANK.EQ(L94,$L$2:$L$500,0),"") | N94: =IF(L94=0, "Not Assessed", IF(L94>=0.85,"Very High Performance", IF(L94>=0.7,"High Performance", IF(L94>=0.55,"Moderate Performance", IF(L94>=0.4,"Low Performance", "Very Low Performance"))))) -> #REF! | O94: =IF($L94=0, "Failed minimum data validation; requires contextual review in FSF.", "Ready for contextual review in FSF.") -> #REF!
A95: =#REF! -> #REF! | B95: =#REF! -> #REF! | C95: =#REF! -> #REF! | D95: =#REF! -> #REF! | E95: =#REF! -> #REF! | F95: =#REF! -> #REF! | G95: =#REF! -> #REF! | H95: =#REF! -> #REF! | I95: =#REF! -> #REF! | J95: =IF(D95<>"Valid","",SUM(E95:F95)) -> #REF! | K95: =IF(D95<>"Valid","",SUM(G95:I95)) -> #REF! | L95: =IF(D95<>"Valid","",#REF!*0.4+#REF!*0.6) -> #REF! | N95: =IF(D95<>"Valid","Not Assessed (Insufficient Valid Data)",LOOKUP(L95,tblPerformanceCategory[Min],tblPerformanceCategory[Performance Category])) -> #REF! | O95: =IF(D95="Valid","Yes","No") -> #REF!
A96: =#REF! -> #REF! | B96: =#REF! -> #REF! | C96: =#REF! -> #REF! | D96: =#REF! -> #REF! | E96: =#REF! -> #REF! | F96: =#REF! -> #REF! | G96: =#REF! -> #REF! | H96: =#REF! -> #REF! | I96: =#REF! -> #REF! | J96: =IF(D96<>"Valid","",SUM(E96:F96)) -> #REF! | K96: =IF(D96<>"Valid","",SUM(G96:I96)) -> #REF! | L96: =IF($D96<>"Valid",0,IFERROR(AVERAGE(#REF!,#REF!),0)) -> #REF! | M96: =IF(ISNUMBER(L96),_xlfn.RANK.EQ(L96,$L$2:$L$500,0),"") | N96: =IF(L96=0, "Not Assessed", IF(L96>=0.85,"Very High Performance", IF(L96>=0.7,"High Performance", IF(L96>=0.55,"Moderate Performance", IF(L96>=0.4,"Low Performance", "Very Low Performance"))))) -> #REF! | O96: =IF($L96=0, "Failed minimum data validation; requires contextual review in FSF.", "Ready for contextual review in FSF.") -> #REF!
A97: =#REF! -> #REF! | B97: =#REF! -> #REF! | C97: =#REF! -> #REF! | D97: =#REF! -> #REF! | E97: =#REF! -> #REF! | F97: =#REF! -> #REF! | G97: =#REF! -> #REF! | H97: =#REF! -> #REF! | I97: =#REF! -> #REF! | J97: =IF(D97<>"Valid","",SUM(E97:F97)) -> #REF! | K97: =IF(D97<>"Valid","",SUM(G97:I97)) -> #REF! | L97: =IF($D97<>"Valid",0,IFERROR(AVERAGE(#REF!,#REF!),0)) -> #REF! | M97: =IF(ISNUMBER(L97),_xlfn.RANK.EQ(L97,$L$2:$L$500,0),"") | N97: =IF(L97=0, "Not Assessed", IF(L97>=0.85,"Very High Performance", IF(L97>=0.7,"High Performance", IF(L97>=0.55,"Moderate Performance", IF(L97>=0.4,"Low Performance", "Very Low Performance"))))) -> #REF! | O97: =IF($L97=0, "Failed minimum data validation; requires contextual review in FSF.", "Ready for contextual review in FSF.") -> #REF!
A98: =#REF! -> #REF! | B98: =#REF! -> #REF! | C98: =#REF! -> #REF! | D98: =#REF! -> #REF! | E98: =#REF! -> #REF! | F98: =#REF! -> #REF! | G98: =#REF! -> #REF! | H98: =#REF! -> #REF! | I98: =#REF! -> #REF! | J98: =IF(D98<>"Valid","",SUM(E98:F98)) -> #REF! | K98: =IF(D98<>"Valid","",SUM(G98:I98)) -> #REF! | L98: =IF(D98<>"Valid","",#REF!*0.4+#REF!*0.6) -> #REF! | N98: =IF(D98<>"Valid","Not Assessed (Insufficient Valid Data)",LOOKUP(L98,tblPerformanceCategory[Min],tblPerformanceCategory[Performance Category])) -> #REF! | O98: =IF(D98="Valid","Yes","No") -> #REF!
A99: =#REF! -> #REF! | B99: =#REF! -> #REF! | C99: =#REF! -> #REF! | D99: =#REF! -> #REF! | E99: =#REF! -> #REF! | F99: =#REF! -> #REF! | G99: =#REF! -> #REF! | H99: =#REF! -> #REF! | I99: =#REF! -> #REF! | J99: =IF(D99<>"Valid","",SUM(E99:F99)) -> #REF! | K99: =IF(D99<>"Valid","",SUM(G99:I99)) -> #REF! | L99: =IF($D99<>"Valid",0,IFERROR(AVERAGE(#REF!,#REF!),0)) -> #REF! | M99: =IF(ISNUMBER(L99),_xlfn.RANK.EQ(L99,$L$2:$L$500,0),"") | N99: =IF(L99=0, "Not Assessed", IF(L99>=0.85,"Very High Performance", IF(L99>=0.7,"High Performance", IF(L99>=0.55,"Moderate Performance", IF(L99>=0.4,"Low Performance", "Very Low Performance"))))) -> #REF! | O99: =IF($L99=0, "Failed minimum data validation; requires contextual review in FSF.", "Ready for contextual review in FSF.") -> #REF!
A100: =Derived_Indicators!A100 -> Abuja Municipal Area Council | B100: =Derived_Indicators!B100 -> City Centre Ward | C100: =Derived_Indicators!C100 -> Excel Fertility Centre | D100: =Derived_Indicators!Q100 -> Valid | E100: =Derived_Indicators!D100 -> 1 | F100: =Derived_Indicators!E100 | G100: =Derived_Indicators!K100 -> 0.79661017 | H100: =Derived_Indicators!M100 -> 0.51219512 | I100: =Derived_Indicators!N100 -> 0.06097561 | J100: =IF($D100<>"Valid","",AVERAGE(E100:F100)) -> 1 | K100: =IF($D100<>"Valid","",AVERAGE(G100:I100)) -> 0.45659363 | L100: =IF($D100<>"Valid","",AVERAGE(J100,K100)) -> 0.72829682 | M100: =IF(AND($D100="Valid",ISNUMBER(L100)),RANK(L100,$L$2:$L$500,0),"") -> #REF! | N100: =IF(L100="", "Not Assessed", IF(L100>=0.85,"Excellent", IF(L100>=0.7,"Good", IF(L100>=0.55,"Moderate", IF(L100>=0.4,"Low", "Very Low"))))) -> Good | O100: =IF($D100<>"Valid", "Failed data validation; excluded from HFSI and requires contextual review in the Health Facility Selection Framework (HFSF).", "Eligible for contextual assessment using the Health Facility Selection Framework (HFSF).") -> Eligible for contextual assessment using the Health Facility Selection Framework (HFSF).
...

Sheet Facility_Selection

Sheet Lookup_Tables
A1: Keyword | B1: Facility Type | C1: Priority
A2: Teaching Hospital | B2: Teaching Hospital | C2: 1
A3: University Teaching Hospital | B3: Teaching Hospital | C3: 2
A4: Federal Medical Centre | B4: Federal Medical Centre | C4: 3
A5: National Hospital | B5: National Hospital | C5: 4
A6: General Hospital | B6: General Hospital | C6: 5
A7: Medical Reception Station | B7: Military/Security Hospital | C7: 6
A8: Guards Battalion | B8: Military/Security Hospital | C8: 7
A9: Battalion | B9: Military/Security Hospital | C9: 8
A10: Air Force | B10: Military/Security Hospital | C10: 9
A11: Airforce | B11: Military/Security Hospital | C11: 10
A12: Air Base | B12: Military/Security Hospital | C12: 11
A13: Army | B13: Military/Security Hospital | C13: 12
... A61: Hospital | B61: Private Hospital | C61: 60
A62: Other Facility | B62: Unknown | C62: Unknown
A65: Facility Type | B65: Ownership (Default) | C65: Level of Care (Typical)
A66: Teaching Hospital | B66: Government | C66: Tertiary
A67: Federal Medical Centre | B67: Government | C67: Tertiary
A68: National Hospital | B68: Government | C68: Tertiary
A69: General Hospital | B69: Government | C69: Secondary
A70: Military/Security Hospital | B70: Military/Government | C70: Secondary/Tertiary
A71: Medical Centre | B71: Government/Private | C71: Secondary
A72: Specialist Hospital | B72: Government/Private | C72: Secondary/Tertiary
A73: Specialist Clinic | B73: Private | C73: Secondary
A74: Primary Health Centre (PHC) | B74: Government | C74: Primary
A75: Basic Health Centre | B75: Government | C75: Primary
... A80: Other Facility | B80: Unknown | C80: Unknown
A83: Min | B83: Max | C83: Rating | D83: Score
A84: 0 | B84: 0.7999 | C84: Poor | D84: 0
A85: 0.8 | B85: 0.8999 | C85: Fair | D85: 1
A86: 0.9 | B86: 0.9499 | C86: Good | D86: 2
A87: 0.95 | B87: 1 | C87: Excellent | D87: 3
A90: Min | B90: Max | C90: Performance Category | D90: Sampling Recommendation | E90: Eligible for FSF
A91: 0 | B91: 0.6999 | C91: Low-performing | D91: Review | E91: Yes*
A92: 0.7 | B92: 0.8499 | C92: Moderate-performing | D92: Review | E92: Yes*
A93: 0.85 | B93: 1 | C93: High-performing | D93: Accept | E93: Yes*
A96: Selection Status
A97: Selected
A98: Reserve
A99: Not Selected
A102: Secondary Selection Criterion
A103: High-performing facility
A104: Moderate-performing facility
A105: Low-performing facility
A106: Urban representation
A107: Semi-urban/Rural representation
A108: Good data quality
A109: High client volume
... A120: Implementation bottleneck
A123: Area Council | B123: Settlement Type
A124: Abuja Municipal Area Council | B124: Urban
A125: Gwagwalada Local Government Area | B125: Semi-urban/Rural
A126: Bwari Local Government Area | B126: Semi-urban/Rural
A127: Kuje Local Government Area | B127: Rural
A128: Kwali Local Government Area | B128: Rural
A129: Abaji Local Government Area | B129: Rural
A132: Area Council | B132: Selected Area Councils
A133: Abuja Municipal Area Council | B133: Yes
A134: Bwari Local Government Area | B134: Yes
A135: Gwagwalada Local Government Area | B135: No
A136: Kuje Local Government Area | B136: No
... A138: Abaji Local Government Area | B138: No
A141: Primary Selection Criterion
A142: High-performing facility
A143: Moderate-performing facility
A144: Low-performing facility
A147: Secondary Selection Criterion
A148: Urban representation
A149: Semi-urban/Rural representation
A150: Good data quality
A151: High client volume
A152: High outreach performance
A153: Low outreach performance
A154: Excellent reporting completeness
... A165: Column1
A166: =COUNTA(Raw_Data!$D$1:$CI$1) -> 84
A169: Parameter | B169: Value | C169: Unit | D169: Description | E169: Used In
A170: ReportingPeriodStart | B170: 45809 | C170: Date | D170: Start of rolling assessment period | E170: Methodology
A171: ReportingPeriodEnd | B171: 46173 | C171: Date | D171: End of rolling assessment period | E171: Methodology
A172: ReportingMonths | B172: 12 | C172: Months | D172: Number of reporting months | E172: Data Quality Assessment
A173: MonthlyIndicators | B173: 7 | C173: Indicators | D173: Fixed Session, Outreach Session, Penta1, Penta3, ANC1, ANC4, ANC8 | E173: Data Quality Assessment
A174: ExpectedValues | B174: =IFERROR( INDEX(tblParameters[Value],MATCH("ReportingMonths",tblParameters[Parameter],0))* INDEX(tblParameters[Value],MATCH("MonthlyIndicators",tblParameters[Parameter],0)), "Parameter Error" ) -> 84 | C174: Values | D174: Expected observations per facility | E174: Data Quality Assessment
A175: PoorCompletenessUpper | B175: 0.7999 | C175: Proportion | D175: Upper limit for Poor completeness | E175: Completeness Rating
A176: FairCompletenessLower | B176: 0.8 | C176: Proportion | D176: Lower limit for Fair completeness | E176: Completeness Rating
A177: FairCompletenessUpper | B177: 0.8999 | C177: Proportion | D177: Upper limit for Fair completeness | E177: Completeness Rating
A178: GoodCompletenessLower | B178: 0.9 | C178: Proportion | D178: Lower limit for Good completeness | E178: Completeness Rating
A179: GoodCompletenessUpper | B179: 0.9499 | C179: Proportion | D179: Upper limit for Good completeness | E179: Completeness Rating
A180: ExcellentCompletenessLower | B180: 0.95 | C180: Proportion | D180: Lower limit for Excellent completeness | E180: Completeness Rating
A181: MinimumAcceptCompleteness | B181: 0.9 | C181: Proportion | D181: Minimum completeness required for automatic acceptance | E181: Data Quality Flag
A182: MaximumSessionCoverage | B182: 1 | C182: Proportion | D182: Maximum valid fixed/outreach session coverage (100%) | E182: Validation
A183: MinimumSessionCoverage | B183: 0 | C183: Proportion | D183: Minimum valid fixed/outreach session coverage | E183: Validation
A184: MinimumCountValue | B184: 0 | C184: Count | D184: Minimum valid service count | E184: Validation
A185: HFSIExcellent | B185: 0.85 | C185: Index | D185: Excellent performance threshold | E185: HFSI
A186: HFSIGood | B186: 0.7 | C186: Index | D186: Good performance threshold | E186: HFSI
... A188: HFSILow | B188: 0.4 | C188: Index | D188: Low performance threshold | E188: HFSI
A191: Parameter | B191: Value
A192: Study Title | B192: Assessment of Coordination and Implementation Bottlenecks in Primary Health Care Service Delivery in the Federal Capital Territory, Abuja, Nigeria
A193: Country | B193: Nigeria
A194: State | B194: Federal Capital Territory
A195: Data Source | B195: DHIS2 Routine Administrative Data
...

Sheet Dashboard
A1: Indicator | B1: Formula | D1: Indicator | E1: Formula | G1: Indicator | H1: Formula | J1: Facility | K1: Area Council | L1: Rank | M1: Score | N1: Category | O1: Status
A2: Total Facilities | B2: =COUNTA(Raw_Data!C2:C399) -> 397 | D2: Excellent Completeness | E2: =COUNTIF(Data_Quality_Assessment!H:H,"Excellent") -> 0 | G2: High-performing | H2: =COUNTIF(#REF!,"High-performing") -> #REF!
A3: Area Councils | B3: =SUMPRODUCT((Raw_Data!A2:A399<>"")/COUNTIF(Raw_Data!A2:A399,Raw_Data!A2:A399&"")) -> 6 | D3: Good Completeness | E3: =COUNTIF(Data_Quality_Assessment!H:H,"Good") -> 3 | G3: Moderate-performing | H3: =COUNTIF(#REF!,"Moderate-performing") -> #REF!
A4: Wards | B4: {=SUM(IF(FREQUENCY(IF(Raw_Data!B2:B398<>"",MATCH(Raw_Data!B2:B398,Raw_Data!B2:B398,0)),ROW(Raw_Data!B2:B398)-ROW(Raw_Data!B2)+1)>0,1))} -> 62 | D4: Fair Completeness | E4: =COUNTIF(Data_Quality_Assessment!H:H,"Fair") -> 43 | G4: Low-performing | H4: =COUNTIF(#REF!,"Low-performing") -> #REF!
A5: Facilities Selected | B5: =COUNTIF(#REF!,"Selected") -> #REF! | D5: Poor Completeness | E5: =COUNTIF(Data_Quality_Assessment!H:H,"Poor") -> 351 | G5: Average Fixed Session (%) | H5: =AVERAGE(#REF!) -> #REF!
A6: Mean Completeness (%) | B6: =AVERAGE(Data_Quality_Assessment!G2:G399) -> 0.57292791 | D6: Accept | E6: =COUNTIF(#REF!,"Accept") -> #REF! | G6: Average Outreach Session (%) | H6: =AVERAGE(#REF!) -> #REF!
A7: Mean Weighted Score | B7: =AVERAGE(#REF!) -> #REF! | D7: Review | E7: =COUNTIF(#REF!,"Review") -> #REF! | G7: Average Weighted Score | H7: =AVERAGE(#REF!) -> #REF!
A8: Highest Score | B8: =MAX(#REF!) -> #REF! | D8: Incomplete | E8: =COUNTIF(#REF!,"Incomplete") -> #REF!
A9: Lowest Score | B9: =MIN(#REF!) -> #REF!
F12: Facility | G12: Area Council | H12: Rank | I12: Score | J12: Category | K12: Status
F13: =IFERROR(INDEX(#REF!, _xlfn.AGGREGATE(15,6, (ROW(#REF!)-ROW(#REF!)+1)/ (#REF!="Selected"), ROWS(F$13:F13))), "") | G13: =IF($F13="","", INDEX(#REF!, _xlfn.AGGREGATE(15,6, (ROW(#REF!)-ROW(#REF!)+1)/ (#REF!="Selected"), ROWS(G$13:G13)))) | H13: =IF($F13="","", INDEX(#REF!, _xlfn.AGGREGATE(15,6, (ROW(#REF!)-ROW(#REF!)+1)/ (#REF!="Selected"), ROWS(H$13:H13)))) | I13: =IF($F13="","", INDEX(#REF!, _xlfn.AGGREGATE(15,6, (ROW(#REF!)-ROW(#REF!)+1)/ (#REF!="Selected"), ROWS(I$13:I13)))) | J13: =IF($F13="","", INDEX(#REF!, _xlfn.AGGREGATE(15,6, (ROW(#REF!)-ROW(#REF!)+1)/ (#REF!="Selected"), ROWS(J$13:J13)))) | K13: =IF($F13="","", INDEX(#REF!, _xlfn.AGGREGATE(15,6, (ROW(#REF!)-ROW(#REF!)+1)/ (#REF!="Selected"), ROWS(K$13:K13))))

Sheet Methodology
A1: Selection Criteria
A2: Completeness: >=90 Excellent; 85-89.9 Good; 80-84.9 Fair; <80 Poor
A3: Service Delivery: >=90 Excellent; 80-89.9 Good; 70-79.9 Fair; <70 Poor
